{
    "metrics": {
        "[0 0 0]": {
            "quality": 0.9174203586384027,
            "completeness": 1.0,
            "artifacts": 1.0,
            "resolution": 1,
            "accuracy": 0.7935508965960065,
            "chamfer": 104.91743402026478,
            "normalized_chamfer": 0.033291268925992316,
            "hausdorff": 0.0
        },
        "[0 0 1]": {
            "quality": 0.9610187545342075,
            "completeness": 1.0,
            "artifacts": 1.0,
            "resolution": 0.9368790247656463,
            "accuracy": 0.9656678615698722,
            "chamfer": 55.65239388148767,
            "normalized_chamfer": 0.0041400330207541506,
            "hausdorff": 0.0
        },
        "[0 0 2]": {
            "quality": 0.9721320206582129,
            "completeness": 1.0,
            "artifacts": 1.0,
            "resolution": 1,
            "accuracy": 0.930330051645532,
            "chamfer": 23.214026340786894,
            "normalized_chamfer": 0.009289326266821486,
            "hausdorff": 0.0
        },
        "[0 1 0]": {
            "quality": 0.8571930486981677,
            "completeness": 1.0,
            "artifacts": 1.0,
            "resolution": 0.7271601390207295,
            "accuracy": 0.9158224827246897,
            "chamfer": 131.40110084341887,
            "normalized_chamfer": 0.011266492398475424,
            "hausdorff": 0.0
        },
        "[0 1 1]": {
            "quality": 0.9034152582174642,
            "completeness": 1.0,
            "artifacts": 1.0,
            "resolution": 0.7960201934810189,
            "accuracy": 0.9625179520626413,
            "chamfer": 117.45748504973494,
            "normalized_chamfer": 0.004564646550976797,
            "hausdorff": 0.0
        },
        "[0 1 2]": {
            "quality": 0.9800848644844651,
            "completeness": 1.0,
            "artifacts": 1.0,
            "resolution": 1,
            "accuracy": 0.9502121612111623,
            "chamfer": 40.188741390156686,
            "normalized_chamfer": 0.006236614120136047,
            "hausdorff": 0.0
        },
        "[0 2 0]": {
            "quality": 0.9806667468820833,
            "completeness": 1.0,
            "artifacts": 1.0,
            "resolution": 1,
            "accuracy": 0.951666867205208,
            "chamfer": 48.31379659991994,
            "normalized_chamfer": 0.006148749169573012,
            "hausdorff": 0.0
        },
        "[0 2 1]": {
            "quality": 0.978589317764889,
            "completeness": 1.0,
            "artifacts": 1.0,
            "resolution": 1,
            "accuracy": 0.946473294412222,
            "chamfer": 79.34263168207887,
            "normalized_chamfer": 0.006703783674714112,
            "hausdorff": 0.0
        },
        "[0 2 2]": {
            "quality": 0.951146713960899,
            "completeness": 1.0,
            "artifacts": 1.0,
            "resolution": 1,
            "accuracy": 0.8778667849022472,
            "chamfer": 33.403433789228906,
            "normalized_chamfer": 0.01772065453009491,
            "hausdorff": 0.0
        },
        "[0 3 0]": {
            "completeness": 0,
            "artifacts": 0,
            "resolution": 0,
            "accuracy": 0,
            "quality": 1.0,
            "chamfer": Infinity,
            "normalized_chamfer": Infinity,
            "hausdorff": 0.0
        },
        "[0 3 1]": {
            "completeness": 0,
            "artifacts": 0,
            "resolution": 0,
            "accuracy": 0,
            "quality": 1.0,
            "chamfer": Infinity,
            "normalized_chamfer": Infinity,
            "hausdorff": 0.0
        },
        "[0 3 2]": {
            "completeness": 0,
            "artifacts": 0,
            "resolution": 0,
            "accuracy": 0,
            "quality": 1.0,
            "chamfer": Infinity,
            "normalized_chamfer": Infinity,
            "hausdorff": 0.0
        },
        "[1 0 0]": {
            "quality": 0.9735948476230556,
            "completeness": 1.0,
            "artifacts": 1.0,
            "resolution": 1,
            "accuracy": 0.9339871190576388,
            "chamfer": 118.40070137649062,
            "normalized_chamfer": 0.008417809631828987,
            "hausdorff": 0.0
        },
        "[1 0 1]": {
            "quality": 0.8492358191204084,
            "completeness": 1.0,
            "artifacts": 1.0,
            "resolution": 0.6611402748924413,
            "accuracy": 0.9619492729085796,
            "chamfer": 121.40464604359377,
            "normalized_chamfer": 0.004591443225368976,
            "hausdorff": 0.0
        },
        "[1 0 2]": {
            "quality": 0.9602194033509986,
            "completeness": 1.0,
            "artifacts": 1.0,
            "resolution": 0.9220955747094085,
            "accuracy": 0.978452933668088,
            "chamfer": 25.53327190358729,
            "normalized_chamfer": 0.002493848894231312,
            "hausdorff": 0.0
        },
        "[1 1 0]": {
            "quality": 0.841365840113467,
            "completeness": 1.0,
            "artifacts": 1.0,
            "resolution": 0.7678467863706109,
            "accuracy": 0.8355678139130565,
            "chamfer": 396.758418800723,
            "normalized_chamfer": 0.02424506821477729,
            "hausdorff": 0.0
        },
        "[1 1 1]": {
            "quality": 0.7639447764718947,
            "completeness": 1.0,
            "artifacts": 1.0,
            "resolution": 0.5217926455685644,
            "accuracy": 0.8880692956111724,
            "chamfer": 459.6546237584949,
            "normalized_chamfer": 0.01525723184381103,
            "hausdorff": 0.0
        },
        "[1 1 2]": {
            "quality": 0.9352625164079394,
            "completeness": 1.0,
            "artifacts": 1.0,
            "resolution": 1,
            "accuracy": 0.8381562910198483,
            "chamfer": 185.95841999987516,
            "normalized_chamfer": 0.022446547166380008,
            "hausdorff": 0.0
        },
        "[1 2 0]": {
            "quality": 0.8945280100250642,
            "completeness": 1.0,
            "artifacts": 1.0,
            "resolution": 1,
            "accuracy": 0.7363200250626603,
            "chamfer": 284.5370597910231,
            "normalized_chamfer": 0.042874566381529894,
            "hausdorff": 0.0
        },
        "[1 2 1]": {
            "quality": 0.852093109774428,
            "completeness": 1.0,
            "artifacts": 1.0,
            "resolution": 1,
            "accuracy": 0.6302327744360696,
            "chamfer": 533.426198424335,
            "normalized_chamfer": 0.06271175622200036,
            "hausdorff": 0.0
        },
        "[1 2 2]": {
            "completeness": 0,
            "artifacts": 0,
            "resolution": 0,
            "accuracy": 0,
            "quality": 1.0,
            "chamfer": Infinity,
            "normalized_chamfer": Infinity,
            "hausdorff": 0.0
        },
        "[1 3 0]": {
            "quality": 0.9125407200701052,
            "completeness": 1.0,
            "artifacts": 1.0,
            "resolution": 1,
            "accuracy": 0.7813518001752627,
            "chamfer": 19.87512121133165,
            "normalized_chamfer": 0.03365812228845326,
            "hausdorff": 0.0
        },
        "[1 3 1]": {
            "quality": 0.7931601799829875,
            "completeness": 1.0,
            "artifacts": 0.9931818181818182,
            "resolution": 1,
            "accuracy": 0.4846049954120141,
            "chamfer": 45.96096510828026,
            "normalized_chamfer": 0.10386658781532263,
            "hausdorff": 0.0
        },
        "[1 3 2]": {
            "completeness": 0,
            "artifacts": 0,
            "resolution": 0,
            "accuracy": 0,
            "quality": 1.0,
            "chamfer": Infinity,
            "normalized_chamfer": Infinity,
            "hausdorff": 0.0
        },