{
    "metrics": {
        "[0 0 0]": {
            "quality": 0.6006564014174851,
            "completeness": 0.010647010647010647,
            "artifacts": 1.0,
            "resolution": 1,
            "accuracy": 0.9959170035278395,
            "chamfer": 3.821164918047056,
            "normalized_chamfer": 0.006193136009800739,
            "hausdorff": 0.008419099392624321
        },
        "[0 0 2]": {
            "quality": 0.6003151338508212,
            "completeness": 0.008403361344537815,
            "artifacts": 1.0,
            "resolution": 1,
            "accuracy": 0.9947479771636752,
            "chamfer": 6.012140279076294,
            "normalized_chamfer": 0.007157309856043207,
            "hausdorff": 0.012071835499085557
        },
        "[0 0 1]": {
            "quality": 0.6005650207155828,
            "completeness": 0.010117096018735363,
            "artifacts": 1.0,
            "resolution": 1,
            "accuracy": 0.9955331111370929,
            "chamfer": 32.42000457679515,
            "normalized_chamfer": 0.006013169725826792,
            "hausdorff": 0.006845250389493245
        },
        "[0 1 0]": {
            "quality": 0.6004472510982173,
            "completeness": 0.01010886469673406,
            "artifacts": 1.0,
            "resolution": 1,
            "accuracy": 0.9943636462854392,
            "chamfer": 23.676403549119613,
            "normalized_chamfer": 0.006075546201980911,
            "hausdorff": 0.007137321150394199
        },
        "[0 1 2]": {
            "quality": 0.6005337821212449,
            "completeness": 0.010174418604651164,
            "artifacts": 1.0,
            "resolution": 1,
            "accuracy": 0.9951634026077977,
            "chamfer": 15.014224771313316,
            "normalized_chamfer": 0.0061723431742295234,
            "hausdorff": 0.008495539531003533
        },
        "[0 2 0]": {
            "quality": 0.6003203557851469,
            "completeness": 0.009791921664626682,
            "artifacts": 1.0,
            "resolution": 1,
            "accuracy": 0.9934116361868413,
            "chamfer": 17.764161520446752,
            "normalized_chamfer": 0.006152090569851689,
            "hausdorff": 0.007137321150394199
        },
        "[0 2 2]": {
            "quality": 0.6003958295701876,
            "completeness": 0.008695652173913044,
            "artifacts": 1.0,
            "resolution": 1,
            "accuracy": 0.9952626435279619,
            "chamfer": 3.7861287833191244,
            "normalized_chamfer": 0.00725312027455771,
            "hausdorff": 0.010707508777720849
        },
        "[0 1 1]": {
            "quality": 0.6005276260779931,
            "completeness": 0.009887216177274309,
            "artifacts": 1.0,
            "resolution": 1,
            "accuracy": 0.9953890446026569,
            "chamfer": 61.34832289366568,
            "normalized_chamfer": 0.0060364383443536045,
            "hausdorff": 0.0076080814507579935
        },
        "[0 2 1]": {
            "quality": 0.6004860101304538,
            "completeness": 0.009719710669077758,
            "artifacts": 1.0,
            "resolution": 1,
            "accuracy": 0.9951403906354591,
            "chamfer": 28.06691374092485,
            "normalized_chamfer": 0.006283168511512167,
            "hausdorff": 0.008606439480580803
        },
        "[1 0 0]": {
            "quality": 0.6005099139138421,
            "completeness": 0.009612555174104953,
            "artifacts": 1.0,
            "resolution": 1,
            "accuracy": 0.9954865839643151,
            "chamfer": 31.668044405754024,
            "normalized_chamfer": 0.006153316701788405,
            "hausdorff": 0.006668881945030399
        },
        "[1 0 2]": {
            "quality": 0.6005019807775069,
            "completeness": 0.00973687260925003,
            "artifacts": 1.0,
            "resolution": 1,
            "accuracy": 0.9952829351658186,
            "chamfer": 26.782132793896594,
            "normalized_chamfer": 0.006149037491423853,
            "hausdorff": 0.010953413106862514
        },
        "[1 1 0]": {
            "quality": 0.6004737771720868,
            "completeness": 0.009534883720930233,
            "artifacts": 1.0,
            "resolution": 1,
            "accuracy": 0.9952028879999378,
            "chamfer": 27.090496609374824,
            "normalized_chamfer": 0.0062406119809663265,
            "hausdorff": 0.008093632954526595
        },
        "[1 0 1]": {
            "quality": 0.6005567063788525,
            "completeness": 0.010153978166563379,
            "artifacts": 1.0,
            "resolution": 1,
            "accuracy": 0.995413085621961,
            "chamfer": 63.64065282014471,
            "normalized_chamfer": 0.006006668505912667,
            "hausdorff": 0.007359495365074309
        },
        "[1 1 2]": {
            "quality": 0.600533818290282,
            "completeness": 0.009844457570387872,
            "artifacts": 1.0,
            "resolution": 1,
            "accuracy": 0.995493725332432,
            "chamfer": 15.564173442641897,
            "normalized_chamfer": 0.006069086934155546,
            "hausdorff": 0.006973716745512142
        },
        "[1 2 0]": {
            "quality": 0.6001622522202098,
            "completeness": 0.008863819500402902,
            "artifacts": 1.0,
            "resolution": 1,
            "accuracy": 0.9927587027016944,
            "chamfer": 7.910713294948817,
            "normalized_chamfer": 0.00631846109820193,
            "hausdorff": 0.007092602678091826
        },
        "[1 2 1]": {
            "quality": 0.6003191920120604,
            "completeness": 0.010054137664346482,
            "artifacts": 1.0,
            "resolution": 1,
            "accuracy": 0.9931377824562574,
            "chamfer": 8.043472817099891,
            "normalized_chamfer": 0.006158861268836057,
            "hausdorff": 0.006455483848536501
        },
        "[1 1 1]": {
            "quality": 0.6005492398459676,
            "completeness": 0.009954138002918491,
            "artifacts": 1.0,
            "resolution": 1,
            "accuracy": 0.9955382604567572,
            "chamfer": 58.3390842652447,
            "normalized_chamfer": 0.006020856005495093,
            "hausdorff": 0.006822688534897752
        },
        "[1 3 0]": {
            "quality": 0.6007374156045759,
            "completeness": 0.014705882352941176,
            "artifacts": 1.0,
            "resolution": 1,
            "accuracy": 0.9926682736928182,
            "chamfer": 0.6720194967650638,
            "normalized_chamfer": 0.0048697064982975635,
            "hausdorff": 0.005511316305172588
        },
        "[1 3 1]": {
            "completeness": 0,
            "artifacts": 0,
            "resolution": 0,
            "accuracy": 0,
            "quality": 1.0,
            "chamfer": Infinity,
            "normalized_chamfer": Infinity,
            "hausdorff": Infinity
        },
        "[2 0 0]": {
            "quality": 0.6006140302712577,
            "completeness": 0.00985525100092393,
            "artifacts": 1.0,
            "resolution": 1,
            "accuracy": 0.9962850517116532,
            "chamfer": 10.449957125709293,
            "normalized_chamfer": 0.006373868329191396,
            "hausdorff": 0.009056335258087828
        },
        "[2 0 2]": {
            "quality": 0.6004542686283938,
            "completeness": 0.008465608465608466,
            "artifacts": 1.0,
            "resolution": 1,
            "accuracy": 0.9960770778183287,
            "chamfer": 9.906628952080345,
            "normalized_chamfer": 0.006930135678265369,
            "hausdorff": 0.009244962368377718
        },
        "[2 1 0]": {
            "quality": 0.6006166935317401,
            "completeness": 0.010018214936247723,
            "artifacts": 1.0,
            "resolution": 1,
            "accuracy": 0.996148720381152,