{
    "metrics": {
        "[0 0 0]": {
            "quality": 0.6930071316955894,
            "completeness": 1.0,
            "artifacts": 1.0,
            "resolution": 1,
            "accuracy": 0.9300713169558925,
            "chamfer": 11.594175648713017,
            "normalized_chamfer": 0.008054307501711024,
            "hausdorff": 0.0
        },
        "[0 0 2]": {
            "quality": 0.6986498587903864,
            "completeness": 1.0,
            "artifacts": 1.0,
            "resolution": 1,
            "accuracy": 0.9864985879038629,
            "chamfer": 2.4856099668988376,
            "normalized_chamfer": 0.0014175135254626962,
            "hausdorff": 0.0
        },
        "[0 3 0]": {
            "completeness": 0,
            "artifacts": 0,
            "resolution": 0,
            "accuracy": 0,
            "quality": 1.0,
            "chamfer": Infinity,
            "normalized_chamfer": Infinity,
            "hausdorff": 0.0
        },
        "[0 2 2]": {
            "quality": 0.6968408261736845,
            "completeness": 1.0,
            "artifacts": 1.0,
            "resolution": 1,
            "accuracy": 0.9684082617368441,
            "chamfer": 3.9173755446313265,
            "normalized_chamfer": 0.0034438466326429246,
            "hausdorff": 0.0
        },
        "[0 3 2]": {
            "completeness": 0,
            "artifacts": 0,
            "resolution": 0,
            "accuracy": 0,
            "quality": 1.0,
            "chamfer": Infinity,
            "normalized_chamfer": Infinity,
            "hausdorff": 0.0
        },
        "[0 3 1]": {
            "completeness": 0,
            "artifacts": 0,
            "resolution": 0,
            "accuracy": 0,
            "quality": 1.0,
            "chamfer": Infinity,
            "normalized_chamfer": Infinity,
            "hausdorff": 0.0
        },
        "[1 2 2]": {
            "completeness": 0,
            "artifacts": 0,
            "resolution": 0,
            "accuracy": 0,
            "quality": 1.0,
            "chamfer": Infinity,
            "normalized_chamfer": Infinity,
            "hausdorff": 0.0
        },
        "[0 1 2]": {
            "quality": 0.6990843937970164,
            "completeness": 1.0,
            "artifacts": 1.0,
            "resolution": 1,
            "accuracy": 0.9908439379701626,
            "chamfer": 4.7547430120945915,
            "normalized_chamfer": 0.0009500935182524911,
            "hausdorff": 0.0
        },
        "[1 3 0]": {
            "quality": 0.6929323430853455,
            "completeness": 1.0,
            "artifacts": 1.0,
            "resolution": 1,
            "accuracy": 0.9293234308534538,
            "chamfer": 2.4312739786411877,
            "normalized_chamfer": 0.00789374668389996,
            "hausdorff": 0.0
        },
        "[1 2 0]": {
            "quality": 0.690638077917287,
            "completeness": 1.0,
            "artifacts": 1.0,
            "resolution": 1,
            "accuracy": 0.9063807791728699,
            "chamfer": 31.84925892538967,
            "normalized_chamfer": 0.01082571683391899,
            "hausdorff": 0.0
        },
        "[1 3 2]": {
            "completeness": 0,
            "artifacts": 0,
            "resolution": 0,
            "accuracy": 0,
            "quality": 1.0,
            "chamfer": Infinity,
            "normalized_chamfer": Infinity,
            "hausdorff": 0.0
        },
        "[1 3 1]": {
            "quality": 0.6493812572352555,
            "completeness": 1.0,
            "artifacts": 0.9896907216494846,
            "resolution": 1,
            "accuracy": 0.5041218507030703,
            "chamfer": 4.910785300749052,
            "normalized_chamfer": 0.09628990785782456,
            "hausdorff": 0.0
        },
        "[0 2 0]": {
            "quality": 0.6991590463701086,
            "completeness": 1.0,
            "artifacts": 1.0,
            "resolution": 1,
            "accuracy": 0.9915904637010848,
            "chamfer": 5.198775339989345,
            "normalized_chamfer": 0.0008736703369446844,
            "hausdorff": 0.0
        },
        "[1 2 1]": {
            "quality": 0.6848102831866365,
            "completeness": 1.0,
            "artifacts": 0.9997432605905007,
            "resolution": 1,
            "accuracy": 0.8483595712758643,
            "chamfer": 59.16447197016466,
            "normalized_chamfer": 0.01825782193185146,
            "hausdorff": 0.0
        },
        "[2 0 0]": {
            "quality": 0.69757284273099,
            "completeness": 1.0,
            "artifacts": 1.0,
            "resolution": 1,
            "accuracy": 0.9757284273098993,
            "chamfer": 9.055723770676583,
            "normalized_chamfer": 0.002595506956341812,
            "hausdorff": 0.0
        },
        "[2 1 0]": {
            "quality": 0.6886676777979877,
            "completeness": 1.0,
            "artifacts": 1.0,
            "resolution": 1,
            "accuracy": 0.886676777979875,
            "chamfer": 35.4475038478951,
            "normalized_chamfer": 0.01331611714796961,
            "hausdorff": 0.0
        },
        "[2 2 1]": {
            "completeness": 0,
            "artifacts": 0,
            "resolution": 0,
            "accuracy": 0,
            "quality": 1.0,
            "chamfer": Infinity,
            "normalized_chamfer": Infinity,
            "hausdorff": 0.0
        },
        "[2 2 2]": {
            "completeness": 0,
            "artifacts": 0,
            "resolution": 0,
            "accuracy": 0,
            "quality": 1.0,
            "chamfer": Infinity,
            "normalized_chamfer": Infinity,
            "hausdorff": 0.0
        },
        "[2 2 0]": {
            "completeness": 0,
            "artifacts": 0,
            "resolution": 0,
            "accuracy": 0,
            "quality": 1.0,
            "chamfer": Infinity,
            "normalized_chamfer": Infinity,
            "hausdorff": 0.0
        },
        "[2 0 2]": {
            "quality": 0.6990974446072232,
            "completeness": 1.0,
            "artifacts": 1.0,
            "resolution": 1,
            "accuracy": 0.9909744460722312,
            "chamfer": 2.742865838648961,
            "normalized_chamfer": 0.0009339005238845629,
            "hausdorff": 0.0
        },
        "[2 3 2]": {
            "completeness": 0,
            "artifacts": 0,
            "resolution": 0,
            "accuracy": 0,
            "quality": 1.0,
            "chamfer": Infinity,
            "normalized_chamfer": Infinity,
            "hausdorff": 0.0
        },
        "[2 3 1]": {
            "completeness": 0,
            "artifacts": 0,
            "resolution": 0,
            "accuracy": 0,
            "quality": 1.0,
            "chamfer": Infinity,
            "normalized_chamfer": Infinity,
            "hausdorff": 0.0
        },
        "[2 3 0]": {
            "completeness": 0,
            "artifacts": 0,
            "resolution": 0,
            "accuracy": 0,
            "quality": 1.0,
            "chamfer": Infinity,
            "normalized_chamfer": Infinity,
            "hausdorff": 0.0
        },
        "[3 0 0]": {
            "completeness": 0,
            "artifacts": 0,
            "resolution": 0,
            "accuracy": 0,
            "quality": 1.0,
            "chamfer": Infinity,
            "normalized_chamfer": Infinity,
            "hausdorff": 0.0
        },
        "[2 1 2]": {
            "quality": 0.6941579438022816,
            "completeness": 1.0,
            "artifacts": 1.0,
            "resolution": 1,
            "accuracy": 0.9415794380228145,
            "chamfer": 12.303370352395273,
            "normalized_chamfer": 0.006411344633869345,
            "hausdorff": 0.0
        },
        "[3 0 2]": {
            "completeness": 0,
            "artifacts": 0,
            "resolution": 0,
            "accuracy": 0,
            "quality": 1.0,