{
    "metrics": {
        "[0 0 0]": {
            "quality": 0.9108276518688854,
            "completeness": 0.12039312039312039,
            "artifacts": 1.0,
            "resolution": 1,
            "accuracy": 0.9969708495739331,
            "chamfer": 1.1276733311410947,
            "normalized_chamfer": 0.0016486452209665127,
            "hausdorff": 0.002845232762787241
        },
        "[0 0 1]": {
            "quality": 0.9104517911318942,
            "completeness": 0.1170023419203747,
            "artifacts": 1.0,
            "resolution": 1,
            "accuracy": 0.9968788923496418,
            "chamfer": 9.489282303349079,
            "normalized_chamfer": 0.0015916273571534851,
            "hausdorff": 0.002794873508932246
        },
        "[0 0 2]": {
            "quality": 0.9103095578198106,
            "completeness": 0.11644657863145258,
            "artifacts": 1.0,
            "resolution": 1,
            "accuracy": 0.9966622498916633,
            "chamfer": 1.5458260200805347,
            "normalized_chamfer": 0.0016621785162156287,
            "hausdorff": 0.0027014690958758396
        },
        "[0 1 0]": {
            "quality": 0.9103692851421311,
            "completeness": 0.11599274235355106,
            "artifacts": 1.0,
            "resolution": 1,
            "accuracy": 0.99692502726694,
            "chamfer": 6.887705614654689,
            "normalized_chamfer": 0.0015997458168980814,
            "hausdorff": 0.0025535362349755914
        },
        "[0 1 1]": {
            "quality": 0.910470480134133,
            "completeness": 0.11700700551497988,
            "artifacts": 1.0,
            "resolution": 1,
            "accuracy": 0.9969244489565876,
            "chamfer": 17.868579241381905,
            "normalized_chamfer": 0.0015895898266508233,
            "hausdorff": 0.0029515834880290293
        },
        "[0 1 2]": {
            "quality": 0.9105870670418227,
            "completeness": 0.11794019933554817,
            "artifacts": 1.0,
            "resolution": 1,
            "accuracy": 0.9969826177706694,
            "chamfer": 4.321782248211598,
            "normalized_chamfer": 0.0016054168826937585,
            "hausdorff": 0.0029515834880290293
        },
        "[0 2 0]": {
            "quality": 0.9105075712313709,
            "completeness": 0.11715334848749781,
            "artifacts": 1.0,
            "resolution": 1,
            "accuracy": 0.9969805909565529,
            "chamfer": 5.0191896700052565,
            "normalized_chamfer": 0.0015711972671796075,
            "hausdorff": 0.002371467226987902
        },
        "[0 2 1]": {
            "quality": 0.9103137917865278,
            "completeness": 0.11584538878842676,
            "artifacts": 1.0,
            "resolution": 1,
            "accuracy": 0.9968231322692127,
            "chamfer": 7.952305088218333,
            "normalized_chamfer": 0.0016109196978058003,
            "hausdorff": 0.0028023525893713427
        },
        "[0 2 2]": {
            "quality": 0.9106071017579881,
            "completeness": 0.11884057971014493,
            "artifacts": 1.0,
            "resolution": 1,
            "accuracy": 0.9968076094674339,
            "chamfer": 0.946018224258533,
            "normalized_chamfer": 0.0016338829434516978,
            "hausdorff": 0.0028701771525859814
        },
        "[1 0 0]": {
            "quality": 0.9105399569435102,
            "completeness": 0.11770475723393821,
            "artifacts": 1.0,
            "resolution": 1,
            "accuracy": 0.996923703050291,
            "chamfer": 9.129987594711865,
            "normalized_chamfer": 0.0016024550407567994,
            "hausdorff": 0.0027789933721124502
        },
        "[1 0 1]": {
            "quality": 0.9102577181836377,
            "completeness": 0.11493540544405778,
            "artifacts": 1.0,
            "resolution": 1,
            "accuracy": 0.9969104440980796,
            "chamfer": 18.827708954299737,
            "normalized_chamfer": 0.0016100315507353974,
            "hausdorff": 0.0027557429318696607
        },
        "[1 0 2]": {
            "quality": 0.9103294424532072,
            "completeness": 0.11568331980989915,
            "artifacts": 1.0,
            "resolution": 1,
            "accuracy": 0.9969027761805431,
            "chamfer": 7.8111190105346076,
            "normalized_chamfer": 0.0016230896645266716,
            "hausdorff": 0.007257089812651415
        },
        "[1 1 0]": {
            "quality": 0.9107104955045147,
            "completeness": 0.11906976744186047,
            "artifacts": 1.0,
            "resolution": 1,
            "accuracy": 0.9970087969008214,
            "chamfer": 7.618583415300052,
            "normalized_chamfer": 0.0015832467612843,
            "hausdorff": 0.002588923182695857
        },
        "[1 1 1]": {
            "quality": 0.9106973383067006,
            "completeness": 0.11913696060037524,
            "artifacts": 1.0,
            "resolution": 1,
            "accuracy": 0.9969591056166576,
            "chamfer": 16.957618513100766,
            "normalized_chamfer": 0.0015793628120611685,
            "hausdorff": 0.0028759445087547662
        },
        "[1 1 2]": {
            "quality": 0.9105523904955676,
            "completeness": 0.11754282339043119,
            "artifacts": 1.0,
            "resolution": 1,
            "accuracy": 0.996995270391311,
            "chamfer": 4.567935673567738,
            "normalized_chamfer": 0.0016095615481211197,
            "hausdorff": 0.002681828896280744
        },
        "[1 2 0]": {
            "quality": 0.910943565293663,
            "completeness": 0.12087026591458501,
            "artifacts": 1.0,
            "resolution": 1,
            "accuracy": 0.9971413467555114,
            "chamfer": 2.1496916629094547,
            "normalized_chamfer": 0.0015454289452979544,
            "hausdorff": 0.002492830787589793
        },
        "[1 2 1]": {
            "quality": 0.9111526814494355,
            "completeness": 0.12412993039443156,
            "artifacts": 1.0,
            "resolution": 1,
            "accuracy": 0.9968492210249806,
            "chamfer": 2.2758996125541016,
            "normalized_chamfer": 0.001565806406985966,
            "hausdorff": 0.002452216871731834
        },
        "[1 3 0]": {
            "quality": 0.9119514691136108,
            "completeness": 0.1323529411764706,
            "artifacts": 1.0,
            "resolution": 1,
            "accuracy": 0.9967904374899093,
            "chamfer": 0.2420231902899632,
            "normalized_chamfer": 0.0015715791577270337,
            "hausdorff": 0.002047559137672369
        },
        "[1 3 1]": {
            "quality": 0.517884699964544,
            "completeness": 0.2,
            "artifacts": 1.0,
            "resolution": 0,
            "accuracy": 0.99471174991136,
            "chamfer": 0.005347171509496167,
            "normalized_chamfer": 0.001782390503165389,
            "hausdorff": 0.001455682450843014
        },
        "[2 0 0]": {
            "quality": 0.9109746182150578,
            "completeness": 0.12195873113643363,
            "artifacts": 1.0,
            "resolution": 1,
            "accuracy": 0.9969468627535361,
            "chamfer": 2.9008835180320545,
            "normalized_chamfer": 0.0015925794773714271,
            "hausdorff": 0.0027789933721124502
        },
        "[2 0 1]": {
            "quality": 0.9107151941867864,
            "completeness": 0.11944070080862533,
            "artifacts": 1.0,
            "resolution": 1,
            "accuracy": 0.9969278102648091,
            "chamfer": 10.503356488025895,
            "normalized_chamfer": 0.001580640555007659,
            "hausdorff": 0.0030241647914093558
        },
        "[2 0 2]": {
            "quality": 0.9105733862103493,
            "completeness": 0.11781305114638448,
            "artifacts": 1.0,
            "resolution": 1,