{
    "metrics": {
        "[0 0 0]": {
            "quality": 0.9905814894481804,
            "completeness": 0.9058149058149059,
            "artifacts": 1.0,
            "resolution": 1,
            "accuracy": 0.9999999971667244,
            "chamfer": 0.04876013026503563,
            "normalized_chamfer": 4.19081480576155e-05,
            "hausdorff": 0.0012919385976121293
        },
        "[0 0 1]": {
            "quality": 0.9899484768127704,
            "completeness": 0.8994847775175644,
            "artifacts": 1.0,
            "resolution": 1,
            "accuracy": 0.9999999976525346,
            "chamfer": 0.47136919180600034,
            "normalized_chamfer": 4.6492991251763114e-05,
            "hausdorff": 0.0014313411473160344
        },
        "[0 0 2]": {
            "quality": 0.9911164454958847,
            "completeness": 0.9111644657863145,
            "artifacts": 1.0,
            "resolution": 1,
            "accuracy": 0.999999997293133,
            "chamfer": 0.062485009134928216,
            "normalized_chamfer": 3.924937759731672e-05,
            "hausdorff": 0.0008153958731806289
        },
        "[0 1 0]": {
            "quality": 0.9897615325949034,
            "completeness": 0.8976153447382064,
            "artifacts": 1.0,
            "resolution": 1,
            "accuracy": 0.9999999953027066,
            "chamfer": 0.36257585515541246,
            "normalized_chamfer": 4.9525454877122315e-05,
            "hausdorff": 0.0010847758339859977
        },
        "[0 1 1]": {
            "quality": 0.9901227190068908,
            "completeness": 0.9012272072340637,
            "artifacts": 1.0,
            "resolution": 1,
            "accuracy": 0.9999999957087108,
            "chamfer": 0.8944574919326931,
            "normalized_chamfer": 4.674946385473753e-05,
            "hausdorff": 0.001101001521343181
        },
        "[0 1 2]": {
            "quality": 0.989784051432874,
            "completeness": 0.8978405315614618,
            "artifacts": 1.0,
            "resolution": 1,
            "accuracy": 0.9999999956918193,
            "chamfer": 0.22522119531215679,
            "normalized_chamfer": 4.928253726743037e-05,
            "hausdorff": 0.0011713883130712913
        },
        "[0 2 0]": {
            "quality": 0.9894212254249338,
            "completeness": 0.8942122748732296,
            "artifacts": 1.0,
            "resolution": 1,
            "accuracy": 0.9999999948440271,
            "chamfer": 0.27835018262264866,
            "normalized_chamfer": 5.138930723209613e-05,
            "hausdorff": 0.0010438556605201635
        },
        "[0 2 1]": {
            "quality": 0.9902576835271607,
            "completeness": 0.9025768535262206,
            "artifacts": 1.0,
            "resolution": 1,
            "accuracy": 0.9999999954363464,
            "chamfer": 0.38871660529287294,
            "normalized_chamfer": 4.618232212104942e-05,
            "hausdorff": 0.001034268433289923
        },
        "[0 2 2]": {
            "quality": 0.9894685969742647,
            "completeness": 0.8946859903381642,
            "artifacts": 1.0,
            "resolution": 1,
            "accuracy": 0.9999999948511207,
            "chamfer": 0.052592312245779343,
            "normalized_chamfer": 5.363825828228388e-05,
            "hausdorff": 0.0009709883675925301
        },
        "[1 0 0]": {
            "quality": 0.9902893567874794,
            "completeness": 0.902893575282001,
            "artifacts": 1.0,
            "resolution": 1,
            "accuracy": 0.9999999981481983,
            "chamfer": 0.43191452033436406,
            "normalized_chamfer": 4.452727013756331e-05,
            "hausdorff": 0.0010989634798299697
        },
        "[1 0 1]": {
            "quality": 0.9898746238638139,
            "completeness": 0.898746245888354,
            "artifacts": 1.0,
            "resolution": 1,
            "accuracy": 0.9999999981874461,
            "chamfer": 0.9477691694913475,
            "normalized_chamfer": 4.759071903044677e-05,
            "hausdorff": 0.0011673804050094366
        },
        "[1 0 2]": {
            "quality": 0.9895792272246298,
            "completeness": 0.8957922800510026,
            "artifacts": 1.0,
            "resolution": 1,
            "accuracy": 0.9999999980488236,
            "chamfer": 0.4044382144440295,
            "normalized_chamfer": 4.945743985864011e-05,
            "hausdorff": 0.0011425023150961207
        },
        "[1 1 0]": {
            "quality": 0.990197673005108,
            "completeness": 0.9019767441860466,
            "artifacts": 1.0,
            "resolution": 1,
            "accuracy": 0.9999999964662581,
            "chamfer": 0.38202304386518293,
            "normalized_chamfer": 4.671064912455621e-05,
            "hausdorff": 0.001084296878165751
        },
        "[1 1 1]": {
            "quality": 0.9899051476051319,
            "completeness": 0.8990514905149052,
            "artifacts": 1.0,
            "resolution": 1,
            "accuracy": 0.9999999963841031,
            "chamfer": 0.8658724540034463,
            "normalized_chamfer": 4.752449046370352e-05,
            "hausdorff": 0.0010898276606876836
        },
        "[1 1 2]": {
            "quality": 0.9900964744030865,
            "completeness": 0.900964756841898,
            "artifacts": 1.0,
            "resolution": 1,
            "accuracy": 0.9999999967972418,
            "chamfer": 0.22538656590817518,
            "normalized_chamfer": 4.668805093903163e-05,
            "hausdorff": 0.0010898276606876836
        },
        "[1 2 0]": {
            "quality": 0.9898468957596684,
            "completeness": 0.8984689766317486,
            "artifacts": 1.0,
            "resolution": 1,
            "accuracy": 0.9999999952412338,
            "chamfer": 0.11263992761620395,
            "normalized_chamfer": 4.780981647546857e-05,
            "hausdorff": 0.0010698739551928506
        },
        "[1 2 1]": {
            "quality": 0.9903325580676761,
            "completeness": 0.9033255993812839,
            "artifacts": 1.0,
            "resolution": 1,
            "accuracy": 0.999999995323869,
            "chamfer": 0.11075597647116026,
            "normalized_chamfer": 4.50044601670704e-05,
            "hausdorff": 0.0010446916905958433
        },
        "[1 3 0]": {
            "quality": 0.9889705858338673,
            "completeness": 0.8897058823529411,
            "artifacts": 1.0,
            "resolution": 1,
            "accuracy": 0.999999993996433,
            "chamfer": 0.01568166639520221,
            "normalized_chamfer": 6.101815717977514e-05,
            "hausdorff": 0.0010698739551928506
        },
        "[1 3 1]": {
            "quality": 1.0,
            "completeness": 1.0,
            "artifacts": 1.0,
            "resolution": 1.0,
            "accuracy": 1.0,
            "chamfer": 0.0,
            "normalized_chamfer": 0.0,
            "hausdorff": 0.0
        },
        "[2 0 0]": {
            "quality": 0.9903603318256337,
            "completeness": 0.9036033261472128,
            "artifacts": 1.0,
            "resolution": 1,
            "accuracy": 0.9999999980272808,
            "chamfer": 0.13681387816613985,
            "normalized_chamfer": 4.426917267954695e-05,
            "hausdorff": 0.0010563132016594345
        },
        "[2 0 1]": {
            "quality": 0.9901617242692671,
            "completeness": 0.9016172506738545,
            "artifacts": 1.0,
            "resolution": 1,
            "accuracy": 0.9999999980047038,
            "chamfer": 0.5196232496744865,
            "normalized_chamfer": 4.603324323834926e-05,
            "hausdorff": 0.001024122454104
        },
        "[2 0 2]": {
            "quality": 0.9897354489674883,
            "completeness": 0.8973544973544973,
            "artifacts": 1.0,
            "resolution": 1,
            "accuracy": 0.9999999980800964,