{
    "metrics": {
        "[0 0 1]": {
            "quality": 0.9836962938465479,
            "completeness": 1.0,
            "artifacts": 1.0,
            "resolution": 1,
            "accuracy": 0.9592407346163694,
            "chamfer": 15.584452641198256,
            "normalized_chamfer": 0.00523759120860301,
            "hausdorff": 0.0028881179560386184
        },
        "[0 0 2]": {
            "quality": 0.9817217597446405,
            "completeness": 1.0,
            "artifacts": 1.0,
            "resolution": 1,
            "accuracy": 0.9543043993616009,
            "chamfer": 4.133549709451939,
            "normalized_chamfer": 0.005969024851194136,
            "hausdorff": 0.0023741741296744237
        },
        "[0 1 0]": {
            "quality": 0.9723513499913744,
            "completeness": 0.9877989263055149,
            "artifacts": 1.0,
            "resolution": 1,
            "accuracy": 0.9339286434020572,
            "chamfer": 15.419745717974408,
            "normalized_chamfer": 0.007571689525153158,
            "hausdorff": 0.0024576738226512055
        },
        "[0 1 1]": {
            "quality": 0.9821993244004945,
            "completeness": 0.9736196626120038,
            "artifacts": 1.0,
            "resolution": 1,
            "accuracy": 0.962093395348235,
            "chamfer": 95.02436464147614,
            "normalized_chamfer": 0.004820268579474783,
            "hausdorff": 0.0026717076851258035
        },
        "[0 1 2]": {
            "quality": 0.9822596005269444,
            "completeness": 0.976709746903608,
            "artifacts": 1.0,
            "resolution": 1,
            "accuracy": 0.9614715645914591,
            "chamfer": 35.956788270964836,
            "normalized_chamfer": 0.004897744094662513,
            "hausdorff": 0.002449220606075796
        },
        "[0 2 0]": {
            "quality": 0.9767603256014326,
            "completeness": 0.8970588235294118,
            "artifacts": 1.0,
            "resolution": 1,
            "accuracy": 0.9676361081212282,
            "chamfer": 17.448145205247535,
            "normalized_chamfer": 0.004098695138653402,
            "hausdorff": 0.0024576738226512055
        },
        "[0 2 1]": {
            "quality": 0.9836008074817023,
            "completeness": 0.9903588644884842,
            "artifacts": 1.0,
            "resolution": 1,
            "accuracy": 0.9614123025821346,
            "chamfer": 54.79006761989797,
            "normalized_chamfer": 0.004914788986356115,
            "hausdorff": 0.0026717076851258035
        },
        "[0 2 2]": {
            "quality": 0.9819363433303883,
            "completeness": 0.9771853986551393,
            "artifacts": 1.0,
            "resolution": 1,
            "accuracy": 0.9605445086621859,
            "chamfer": 20.636410904073305,
            "normalized_chamfer": 0.005013096296386081,
            "hausdorff": 0.002449220606075796
        },
        "[0 3 0]": {
            "quality": 0.9748064410358022,
            "completeness": 0.8716687166871668,
            "artifacts": 1.0,
            "resolution": 1,
            "accuracy": 0.9690989234177136,
            "chamfer": 8.967263371901243,
            "normalized_chamfer": 0.003928702463045452,
            "hausdorff": 0.002361428926619333
        },
        "[0 3 1]": {
            "quality": 0.9580434266555535,
            "completeness": 1.0,
            "artifacts": 1.0,
            "resolution": 1,
            "accuracy": 0.8951085666388834,
            "chamfer": 3.7211054521053724,
            "normalized_chamfer": 0.01488442180842149,
            "hausdorff": 0.002594027818443783
        },
        "[0 3 2]": {
            "completeness": 0,
            "artifacts": 0,
            "resolution": 0,
            "accuracy": 0,
            "quality": 1.0,
            "chamfer": Infinity,
            "normalized_chamfer": Infinity,
            "hausdorff": 0.0
        },
        "[1 0 0]": {
            "quality": 0.9815260678775715,
            "completeness": 0.9705396475770925,
            "artifacts": 1.0,
            "resolution": 1,
            "accuracy": 0.9611802577996553,
            "chamfer": 17.555982203897074,
            "normalized_chamfer": 0.004905961213887683,
            "hausdorff": 0.0025344799946867666
        },
        "[1 0 1]": {
            "quality": 0.9845690981599456,
            "completeness": 0.9972935758036181,
            "artifacts": 1.0,
            "resolution": 1,
            "accuracy": 0.9620993514489594,
            "chamfer": 101.95028877515384,
            "normalized_chamfer": 0.004847273922508206,
            "hausdorff": 0.002694278618085241
        },
        "[1 0 2]": {
            "quality": 0.982865356961351,
            "completeness": 0.9783677482792527,
            "artifacts": 1.0,
            "resolution": 1,
            "accuracy": 0.9625714553335643,
            "chamfer": 43.37730754853285,
            "normalized_chamfer": 0.004790955108077408,
            "hausdorff": 0.002694278618085241
        },
        "[1 1 0]": {
            "quality": 0.9686325359593073,
            "completeness": 1.0,
            "artifacts": 1.0,
            "resolution": 1,
            "accuracy": 0.9215813398982682,
            "chamfer": 51.286639811879056,
            "normalized_chamfer": 0.009458117069963865,
            "hausdorff": 0.002800046413113362
        },
        "[1 1 1]": {
            "quality": 0.9827256743181549,
            "completeness": 0.9866029290868679,
            "artifacts": 1.0,
            "resolution": 1,
            "accuracy": 0.9601634535236704,
            "chamfer": 164.03016496404348,
            "normalized_chamfer": 0.005028052753089644,
            "hausdorff": 0.003122765763907533
        },
        "[1 1 2]": {
            "quality": 0.9833425956356343,
            "completeness": 0.988376213764264,
            "artifacts": 1.0,
            "resolution": 1,
            "accuracy": 0.9612624356480196,
            "chamfer": 68.96236315177666,
            "normalized_chamfer": 0.004916401450900168,
            "hausdorff": 0.0027294585085433955
        },
        "[1 2 0]": {
            "quality": 0.89805643236969,
            "completeness": 1.0,
            "artifacts": 1.0,
            "resolution": 1,
            "accuracy": 0.7451410809242249,
            "chamfer": 30.76075550318429,
            "normalized_chamfer": 0.03677316856328068,
            "hausdorff": 0.0020171625417338725
        },
        "[1 2 1]": {
            "quality": 0.9839724856192162,
            "completeness": 0.9909085960041374,
            "artifacts": 1.0,
            "resolution": 1,
            "accuracy": 0.9622040650470063,
            "chamfer": 88.04377845193704,
            "normalized_chamfer": 0.0048149505592921735,
            "hausdorff": 0.002662315641503811
        },
        "[1 2 2]": {
            "quality": 0.983643768705003,
            "completeness": 1.0,
            "artifacts": 1.0,
            "resolution": 1,
            "accuracy": 0.9591094217625074,
            "chamfer": 16.844256447782936,
            "normalized_chamfer": 0.005198844582649054,
            "hausdorff": 0.002662315641503811
        },
        "[1 3 0]": {
            "quality": 0.9365228777851157,
            "completeness": 1.0,
            "artifacts": 1.0,
            "resolution": 1,
            "accuracy": 0.8413071944627889,
            "chamfer": 13.29002532383514,
            "normalized_chamfer": 0.020572794618939846,
            "hausdorff": 0.0020171625417338725
        },
        "[1 3 1]": {
            "quality": 0.9827004756763662,
            "completeness": 0.9626666666666667,
            "artifacts": 1.0,
            "resolution": 1,
            "accuracy": 0.9660845225242487,
            "chamfer": 12.780852290846013,
            "normalized_chamfer": 0.0043413221096623685,
            "hausdorff": 0.002667972511807901
        },