{
    "metrics": {
        "[0 0 0]": {
            "quality": 0.9536902629931622,
            "completeness": 0.5421785421785422,
            "artifacts": 1.0,
            "resolution": 1,
            "accuracy": 0.9986810219382699,
            "chamfer": 0.3768826580393577,
            "normalized_chamfer": 0.00040030022096586054,
            "hausdorff": 0.0015567954249033518
        },
        "[0 0 1]": {
            "quality": 0.9538032273320074,
            "completeness": 0.5434192037470726,
            "artifacts": 1.0,
            "resolution": 1,
            "accuracy": 0.99865326739325,
            "chamfer": 3.2351682306576164,
            "normalized_chamfer": 0.00039271282236679004,
            "hausdorff": 0.0014271746003905723
        },
        "[0 0 2]": {
            "quality": 0.9546894566071517,
            "completeness": 0.5522208883553421,
            "artifacts": 1.0,
            "resolution": 1,
            "accuracy": 0.9986684194290435,
            "chamfer": 0.5014775798633049,
            "normalized_chamfer": 0.00038784035565607493,
            "hausdorff": 0.0010894838525650607
        },
        "[0 1 0]": {
            "quality": 0.9535166297803903,
            "completeness": 0.5405650596163816,
            "artifacts": 1.0,
            "resolution": 1,
            "accuracy": 0.9986503095468802,
            "chamfer": 2.3378901147288635,
            "normalized_chamfer": 0.00039335242108671045,
            "hausdorff": 0.0012557399133578595
        },
        "[0 1 1]": {
            "quality": 0.9535581198351648,
            "completeness": 0.5410642420629006,
            "artifacts": 1.0,
            "resolution": 1,
            "accuracy": 0.9986292390721869,
            "chamfer": 6.118478603652592,
            "normalized_chamfer": 0.00039452420309202003,
            "hausdorff": 0.0014227894733781145
        },
        "[0 1 2]": {
            "quality": 0.9541966783143312,
            "completeness": 0.5473421926910299,
            "artifacts": 1.0,
            "resolution": 1,
            "accuracy": 0.9986561476130702,
            "chamfer": 1.4503338221005269,
            "normalized_chamfer": 0.00038924686583481665,
            "hausdorff": 0.0012653286134439547
        },
        "[0 2 0]": {
            "quality": 0.9534579115398967,
            "completeness": 0.5399545375065571,
            "artifacts": 1.0,
            "resolution": 1,
            "accuracy": 0.9986561444731021,
            "chamfer": 1.7260191748889417,
            "normalized_chamfer": 0.0003919652946267609,
            "hausdorff": 0.0012557399133578595
        },
        "[0 2 1]": {
            "quality": 0.9536668626738791,
            "completeness": 0.5421564195298373,
            "artifacts": 1.0,
            "resolution": 1,
            "accuracy": 0.9986280518022382,
            "chamfer": 2.6901929238069178,
            "normalized_chamfer": 0.0003943118979563089,
            "hausdorff": 0.0014465784686718457
        },
        "[0 2 2]": {
            "quality": 0.9544438814063083,
            "completeness": 0.5497584541062802,
            "artifacts": 1.0,
            "resolution": 1,
            "accuracy": 0.9986700899892005,
            "chamfer": 0.31626570761505673,
            "normalized_chamfer": 0.0003943462688467042,
            "hausdorff": 0.0012040943360052798
        },
        "[1 0 0]": {
            "quality": 0.9536608906325907,
            "completeness": 0.5420304070622854,
            "artifacts": 1.0,
            "resolution": 1,
            "accuracy": 0.9986446248159054,
            "chamfer": 3.093557087788037,
            "normalized_chamfer": 0.0003935572912394933,
            "hausdorff": 0.001445495837074602
        },
        "[1 0 1]": {
            "quality": 0.9533797125597571,
            "completeness": 0.5393049530438099,
            "artifacts": 1.0,
            "resolution": 1,
            "accuracy": 0.9986230431384401,
            "chamfer": 6.394994995084537,
            "normalized_chamfer": 0.0003960975531176548,
            "hausdorff": 0.00129514882735537
        },
        "[1 0 2]": {
            "quality": 0.9541234560774532,
            "completeness": 0.5466558479193231,
            "artifacts": 1.0,
            "resolution": 1,
            "accuracy": 0.9986446782138021,
            "chamfer": 2.614158126490509,
            "normalized_chamfer": 0.0003918396352380288,
            "hausdorff": 0.0013570323918388973
        },
        "[1 1 0]": {
            "quality": 0.9536096112093198,
            "completeness": 0.5416279069767442,
            "artifacts": 1.0,
            "resolution": 1,
            "accuracy": 0.9986170512791133,
            "chamfer": 2.662882780096842,
            "normalized_chamfer": 0.0004017020335038229,
            "hausdorff": 0.0013492439526453306
        },
        "[1 1 1]": {
            "quality": 0.9540599083472321,
            "completeness": 0.5460183447988326,
            "artifacts": 1.0,
            "resolution": 1,
            "accuracy": 0.9986451846683719,
            "chamfer": 5.82959349536929,
            "normalized_chamfer": 0.0003930283833048569,
            "hausdorff": 0.0012904829522314505
        },
        "[1 1 2]": {
            "quality": 0.9539547394295864,
            "completeness": 0.5449891710966726,
            "artifacts": 1.0,
            "resolution": 1,
            "accuracy": 0.9986395557997979,
            "chamfer": 1.5607707134022533,
            "normalized_chamfer": 0.00039780061511463064,
            "hausdorff": 0.0015124014843949268
        },
        "[1 2 0]": {
            "quality": 0.9529643511483588,
            "completeness": 0.5350523771152297,
            "artifacts": 1.0,
            "resolution": 1,
            "accuracy": 0.9986477835920892,
            "chamfer": 0.7592148959353401,
            "normalized_chamfer": 0.00039853800311566407,
            "hausdorff": 0.0013492439526453306
        },
        "[1 2 1]": {
            "quality": 0.9539276122487919,
            "completeness": 0.5444702242846094,
            "artifacts": 1.0,
            "resolution": 1,
            "accuracy": 0.998701474550827,
            "chamfer": 0.7677151602977876,
            "normalized_chamfer": 0.000384434231496138,
            "hausdorff": 0.0012904829522314505
        },
        "[1 3 0]": {
            "quality": 0.950602363995237,
            "completeness": 0.5110294117647058,
            "artifacts": 1.0,
            "resolution": 1,
            "accuracy": 0.9987485570469159,
            "chamfer": 0.08555961004226266,
            "normalized_chamfer": 0.0004163484673589424,
            "hausdorff": 0.0010866184104827228
        },
        "[1 3 1]": {
            "quality": 0.9588200576930187,
            "completeness": 0.6,
            "artifacts": 1.0,
            "resolution": 1,
            "accuracy": 0.9970501442325466,
            "chamfer": 0.0024259223617421753,
            "normalized_chamfer": 0.0006064805904355438,
            "hausdorff": 0.0003884596160906978
        },
        "[2 0 0]": {
            "quality": 0.9543568904154978,
            "completeness": 0.5488142901139513,
            "artifacts": 1.0,
            "resolution": 1,
            "accuracy": 0.9986886535102566,
            "chamfer": 0.9749073928820879,
            "normalized_chamfer": 0.0003877142147075315,
            "hausdorff": 0.0012368708340000586
        },
        "[2 0 1]": {
            "quality": 0.9536456404569522,
            "completeness": 0.5418632075471698,
            "artifacts": 1.0,
            "resolution": 1,
            "accuracy": 0.9986482992555878,
            "chamfer": 3.6164660605130043,
            "normalized_chamfer": 0.00039513423223305153,
            "hausdorff": 0.002466159927275603
        },
        "[2 0 2]": {
            "quality": 0.953563362813305,
            "completeness": 0.5410934744268078,
            "artifacts": 1.0,