{
    "metrics": {
        "[0 0 0]": {
            "quality": 0.6905814905814905,
            "completeness": 0.9058149058149059,
            "artifacts": 1.0,
            "resolution": 1,
            "accuracy": 1.0,
            "chamfer": 0.04876013026503563,
            "normalized_chamfer": 4.19081480576155e-05,
            "hausdorff": 0.0012919385976121293
        },
        "[0 0 2]": {
            "quality": 0.6911164465786315,
            "completeness": 0.9111644657863145,
            "artifacts": 1.0,
            "resolution": 1,
            "accuracy": 1.0,
            "chamfer": 0.062485009134928216,
            "normalized_chamfer": 3.924937759731672e-05,
            "hausdorff": 0.0008153958731806289
        },
        "[0 2 2]": {
            "quality": 0.6894685990338164,
            "completeness": 0.8946859903381642,
            "artifacts": 1.0,
            "resolution": 1,
            "accuracy": 1.0,
            "chamfer": 0.052592312245779343,
            "normalized_chamfer": 5.363825828228388e-05,
            "hausdorff": 0.0009709883675925301
        },
        "[0 1 2]": {
            "quality": 0.6897840531561462,
            "completeness": 0.8978405315614618,
            "artifacts": 1.0,
            "resolution": 1,
            "accuracy": 1.0,
            "chamfer": 0.22522119531215679,
            "normalized_chamfer": 4.928253726743037e-05,
            "hausdorff": 0.0011713883130712913
        },
        "[0 2 0]": {
            "quality": 0.6894212274873229,
            "completeness": 0.8942122748732296,
            "artifacts": 1.0,
            "resolution": 1,
            "accuracy": 1.0,
            "chamfer": 0.27835018262264866,
            "normalized_chamfer": 5.138930723209613e-05,
            "hausdorff": 0.0010438556605201635
        },
        "[0 1 0]": {
            "quality": 0.6897615344738207,
            "completeness": 0.8976153447382064,
            "artifacts": 1.0,
            "resolution": 1,
            "accuracy": 1.0,
            "chamfer": 0.36257585515541246,
            "normalized_chamfer": 4.9525454877122315e-05,
            "hausdorff": 0.0010847758339859977
        },
        "[1 3 1]": {
            "quality": 0.7000000000000001,
            "completeness": 1.0,
            "artifacts": 1.0,
            "resolution": 1.0,
            "accuracy": 1.0,
            "chamfer": 0.0,
            "normalized_chamfer": 0.0,
            "hausdorff": 0.0
        },
        "[1 2 1]": {
            "quality": 0.6903325599381284,
            "completeness": 0.9033255993812839,
            "artifacts": 1.0,
            "resolution": 1,
            "accuracy": 1.0,
            "chamfer": 0.11075597647116026,
            "normalized_chamfer": 4.50044601670704e-05,
            "hausdorff": 0.0010446916905958433
        },
        "[1 2 0]": {
            "quality": 0.6898468976631749,
            "completeness": 0.8984689766317486,
            "artifacts": 1.0,
            "resolution": 1,
            "accuracy": 1.0,
            "chamfer": 0.11263992761620395,
            "normalized_chamfer": 4.780981647546857e-05,
            "hausdorff": 0.0010698739551928506
        },
        "[1 3 0]": {
            "quality": 0.6889705882352941,
            "completeness": 0.8897058823529411,
            "artifacts": 1.0,
            "resolution": 1,
            "accuracy": 1.0,
            "chamfer": 0.01568166639520221,
            "normalized_chamfer": 6.101815717977514e-05,
            "hausdorff": 0.0010698739551928506
        },
        "[0 0 1]": {
            "quality": 0.6899484777517565,
            "completeness": 0.8994847775175644,
            "artifacts": 1.0,
            "resolution": 1,
            "accuracy": 1.0,
            "chamfer": 0.47136919180600034,
            "normalized_chamfer": 4.6492991251763114e-05,
            "hausdorff": 0.0014313411473160344
        },
        "[1 1 2]": {
            "quality": 0.6900964756841897,
            "completeness": 0.900964756841898,
            "artifacts": 1.0,
            "resolution": 1,
            "accuracy": 1.0,
            "chamfer": 0.22538656590817518,
            "normalized_chamfer": 4.668805093903163e-05,
            "hausdorff": 0.0010898276606876836
        },
        "[1 0 0]": {
            "quality": 0.6902893575282001,
            "completeness": 0.902893575282001,
            "artifacts": 1.0,
            "resolution": 1,
            "accuracy": 1.0,
            "chamfer": 0.43191452033436406,
            "normalized_chamfer": 4.452727013756331e-05,
            "hausdorff": 0.0010989634798299697
        },
        "[1 0 2]": {
            "quality": 0.6895792280051003,
            "completeness": 0.8957922800510026,
            "artifacts": 1.0,
            "resolution": 1,
            "accuracy": 1.0,
            "chamfer": 0.4044382144440295,
            "normalized_chamfer": 4.945743985864011e-05,
            "hausdorff": 0.0011425023150961207
        },
        "[2 0 2]": {
            "quality": 0.6897354497354498,
            "completeness": 0.8973544973544973,
            "artifacts": 1.0,
            "resolution": 1,
            "accuracy": 1.0,
            "chamfer": 0.13321391950963724,
            "normalized_chamfer": 4.953110968939849e-05,
            "hausdorff": 0.0009368573904282417
        },
        "[2 1 0]": {
            "quality": 0.6904371584699454,
            "completeness": 0.9043715846994536,
            "artifacts": 1.0,
            "resolution": 1,
            "accuracy": 1.0,
            "chamfer": 0.10097715671747848,
            "normalized_chamfer": 4.829132315517861e-05,
            "hausdorff": 0.0009642257464411567
        },
        "[0 2 1]": {
            "quality": 0.6902576853526221,
            "completeness": 0.9025768535262206,
            "artifacts": 1.0,
            "resolution": 1,
            "accuracy": 1.0,
            "chamfer": 0.38871660529287294,
            "normalized_chamfer": 4.618232212104942e-05,
            "hausdorff": 0.001034268433289923
        },
        "[2 1 2]": {
            "quality": 0.6907621247113164,
            "completeness": 0.9076212471131639,
            "artifacts": 1.0,
            "resolution": 1,
            "accuracy": 1.0,
            "chamfer": 0.07296837935870806,
            "normalized_chamfer": 4.416972116144556e-05,
            "hausdorff": 0.0009128647952462695
        },
        "[3 0 1]": {
            "quality": 0.6893805309734513,
            "completeness": 0.8938053097345132,
            "artifacts": 1.0,
            "resolution": 1,
            "accuracy": 1.0,
            "chamfer": 0.055098457640674295,
            "normalized_chamfer": 5.149388564548999e-05,
            "hausdorff": 0.0010258799101746745
        },
        "[2 0 0]": {
            "quality": 0.6903603326147213,
            "completeness": 0.9036033261472128,
            "artifacts": 1.0,
            "resolution": 1,
            "accuracy": 1.0,
            "chamfer": 0.13681387816613985,
            "normalized_chamfer": 4.426917267954695e-05,
            "hausdorff": 0.0010563132016594345
        },
        "[1 1 0]": {
            "quality": 0.6901976744186047,
            "completeness": 0.9019767441860466,
            "artifacts": 1.0,
            "resolution": 1,
            "accuracy": 1.0,
            "chamfer": 0.38202304386518293,
            "normalized_chamfer": 4.671064912455621e-05,
            "hausdorff": 0.001084296878165751
        },
        "[2 0 1]": {
            "quality": 0.6901617250673855,
            "completeness": 0.9016172506738545,
            "artifacts": 1.0,
            "resolution": 1,
            "accuracy": 1.0,
            "chamfer": 0.5196232496744865,
            "normalized_chamfer": 4.603324323834926e-05,
            "hausdorff": 0.001024122454104
        },
        "[2 1 1]": {
            "quality": 0.6894533681982319,
            "completeness": 0.8945336819823185,
            "artifacts": 1.0,