{
    "metrics": {
        "[0 0 0]": {
            "quality": 0.687622391950966,
            "completeness": 1.0,
            "artifacts": 1.0,
            "resolution": 1,
            "accuracy": 0.8762239195096584,
            "chamfer": 28.097170271307554,
            "normalized_chamfer": 0.016096917944031827,
            "hausdorff": 0.0
        },
        "[0 0 2]": {
            "quality": 0.6973538817803442,
            "completeness": 1.0,
            "artifacts": 1.0,
            "resolution": 1,
            "accuracy": 0.973538817803441,
            "chamfer": 5.429834586733914,
            "normalized_chamfer": 0.0029208362489154998,
            "hausdorff": 0.0
        },
        "[0 3 0]": {
            "completeness": 0,
            "artifacts": 0,
            "resolution": 0,
            "accuracy": 0,
            "quality": 1.0,
            "chamfer": Infinity,
            "normalized_chamfer": Infinity,
            "hausdorff": 0.0
        },
        "[0 3 2]": {
            "completeness": 0,
            "artifacts": 0,
            "resolution": 0,
            "accuracy": 0,
            "quality": 1.0,
            "chamfer": Infinity,
            "normalized_chamfer": Infinity,
            "hausdorff": 0.0
        },
        "[0 3 1]": {
            "completeness": 0,
            "artifacts": 0,
            "resolution": 0,
            "accuracy": 0,
            "quality": 1.0,
            "chamfer": Infinity,
            "normalized_chamfer": Infinity,
            "hausdorff": 0.0
        },
        "[0 2 2]": {
            "quality": 0.6937688029877607,
            "completeness": 1.0,
            "artifacts": 1.0,
            "resolution": 1,
            "accuracy": 0.9376880298776058,
            "chamfer": 9.527500231714075,
            "normalized_chamfer": 0.007431747450635004,
            "hausdorff": 0.0
        },
        "[0 1 2]": {
            "quality": 0.6979993694214323,
            "completeness": 1.0,
            "artifacts": 1.0,
            "resolution": 1,
            "accuracy": 0.979993694214322,
            "chamfer": 11.435604387093527,
            "normalized_chamfer": 0.0021715921737739323,
            "hausdorff": 0.0
        },
        "[1 2 2]": {
            "completeness": 0,
            "artifacts": 0,
            "resolution": 0,
            "accuracy": 0,
            "quality": 1.0,
            "chamfer": Infinity,
            "normalized_chamfer": Infinity,
            "hausdorff": 0.0
        },
        "[1 3 1]": {
            "quality": 0.6474652279587322,
            "completeness": 1.0,
            "artifacts": 0.9959016393442623,
            "resolution": 1,
            "accuracy": 0.4787506402430588,
            "chamfer": 12.822478329003316,
            "normalized_chamfer": 0.10299179380725555,
            "hausdorff": 0.0
        },
        "[1 3 0]": {
            "quality": 0.6851270939133258,
            "completeness": 1.0,
            "artifacts": 1.0,
            "resolution": 1,
            "accuracy": 0.8512709391332572,
            "chamfer": 7.079503297256956,
            "normalized_chamfer": 0.018929153201221807,
            "hausdorff": 0.0
        },
        "[1 3 2]": {
            "completeness": 0,
            "artifacts": 0,
            "resolution": 0,
            "accuracy": 0,
            "quality": 1.0,
            "chamfer": Infinity,
            "normalized_chamfer": Infinity,
            "hausdorff": 0.0
        },
        "[1 2 0]": {
            "quality": 0.6830839836675012,
            "completeness": 1.0,
            "artifacts": 1.0,
            "resolution": 1,
            "accuracy": 0.8308398366750109,
            "chamfer": 82.3133354739397,
            "normalized_chamfer": 0.02240428292703857,
            "hausdorff": 0.0
        },
        "[2 2 0]": {
            "completeness": 0,
            "artifacts": 0,
            "resolution": 0,
            "accuracy": 0,
            "quality": 1.0,
            "chamfer": Infinity,
            "normalized_chamfer": Infinity,
            "hausdorff": 0.0
        },
        "[0 2 0]": {
            "quality": 0.6980663669358453,
            "completeness": 1.0,
            "artifacts": 1.0,
            "resolution": 1,
            "accuracy": 0.9806636693584526,
            "chamfer": 13.384608070079127,
            "normalized_chamfer": 0.002117650196990606,
            "hausdorff": 0.0
        },
        "[2 0 2]": {
            "quality": 0.6980125366203387,
            "completeness": 1.0,
            "artifacts": 1.0,
            "resolution": 1,
            "accuracy": 0.9801253662033854,
            "chamfer": 6.640115151448919,
            "normalized_chamfer": 0.0021502963573344944,
            "hausdorff": 0.0
        },
        "[2 3 0]": {
            "completeness": 0,
            "artifacts": 0,
            "resolution": 0,
            "accuracy": 0,
            "quality": 1.0,
            "chamfer": Infinity,
            "normalized_chamfer": Infinity,
            "hausdorff": 0.0
        },
        "[2 2 2]": {
            "completeness": 0,
            "artifacts": 0,
            "resolution": 0,
            "accuracy": 0,
            "quality": 1.0,
            "chamfer": Infinity,
            "normalized_chamfer": Infinity,
            "hausdorff": 0.0
        },
        "[0 1 0]": {
            "quality": 0.696516988544359,
            "completeness": 1.0,
            "artifacts": 1.0,
            "resolution": 1,
            "accuracy": 0.9651698854435892,
            "chamfer": 34.37384005572184,
            "normalized_chamfer": 0.003909450105854063,
            "hausdorff": 0.0
        },
        "[2 1 2]": {
            "quality": 0.6879033017453399,
            "completeness": 1.0,
            "artifacts": 1.0,
            "resolution": 1,
            "accuracy": 0.8790330174533979,
            "chamfer": 32.81834236489316,
            "normalized_chamfer": 0.014766408263169026,
            "hausdorff": 0.0
        },
        "[2 2 1]": {
            "completeness": 0,
            "artifacts": 0,
            "resolution": 0,
            "accuracy": 0,
            "quality": 1.0,
            "chamfer": Infinity,
            "normalized_chamfer": Infinity,
            "hausdorff": 0.0
        },
        "[2 3 2]": {
            "completeness": 0,
            "artifacts": 0,
            "resolution": 0,
            "accuracy": 0,
            "quality": 1.0,
            "chamfer": Infinity,
            "normalized_chamfer": Infinity,
            "hausdorff": 0.0
        },
        "[3 0 0]": {
            "completeness": 0,
            "artifacts": 0,
            "resolution": 0,
            "accuracy": 0,
            "quality": 1.0,
            "chamfer": Infinity,
            "normalized_chamfer": Infinity,
            "hausdorff": 0.0
        },
        "[2 0 0]": {
            "quality": 0.6946226566887633,
            "completeness": 1.0,
            "artifacts": 1.0,
            "resolution": 1,
            "accuracy": 0.9462265668876321,
            "chamfer": 23.740970719110454,
            "normalized_chamfer": 0.006197068838191191,
            "hausdorff": 0.0
        },
        "[3 0 2]": {
            "completeness": 0,
            "artifacts": 0,
            "resolution": 0,
            "accuracy": 0,
            "quality": 1.0,
            "chamfer": Infinity,
            "normalized_chamfer": Infinity,
            "hausdorff": 0.0
        },
        "[2 3 1]": {
            "completeness": 0,
            "artifacts": 0,
            "resolution": 0,
            "accuracy": 0,
            "quality": 1.0,
            "chamfer": Infinity,
            "normalized_chamfer": Infinity,
            "hausdorff": 0.0
        },
        "[2 1 0]": {
            "quality": 0.6796444841420058,
            "completeness": 1.0,
            "artifacts": 1.0,
            "resolution": 1,
            "accuracy": 0.7964448414200572,
            "chamfer": 94.2053273907975,