{
    "metrics": {
        "[0 0 0]": {
            "quality": 0.6753480753480754,
            "completeness": 0.7534807534807535,
            "artifacts": 1.0,
            "resolution": 1,
            "accuracy": 1.0,
            "chamfer": 0.1584177388666646,
            "normalized_chamfer": 0.00014798480977736068,
            "hausdorff": 0.0013240956536444003
        },
        "[0 0 2]": {
            "quality": 0.6749699879951981,
            "completeness": 0.7496998799519808,
            "artifacts": 1.0,
            "resolution": 1,
            "accuracy": 1.0,
            "chamfer": 0.2050702302987793,
            "normalized_chamfer": 0.00014069998648286744,
            "hausdorff": 0.0011561605554593183
        },
        "[0 2 2]": {
            "quality": 0.6747826086956522,
            "completeness": 0.7478260869565218,
            "artifacts": 1.0,
            "resolution": 1,
            "accuracy": 1.0,
            "chamfer": 0.12381665277093346,
            "normalized_chamfer": 0.0001368896105814632,
            "hausdorff": 0.0015012218956570009
        },
        "[0 1 2]": {
            "quality": 0.6746054817275747,
            "completeness": 0.7460548172757475,
            "artifacts": 1.0,
            "resolution": 1,
            "accuracy": 1.0,
            "chamfer": 0.5861430596649371,
            "normalized_chamfer": 0.0001394085050933374,
            "hausdorff": 0.0012653286134439547
        },
        "[0 2 0]": {
            "quality": 0.6753803112432243,
            "completeness": 0.7538031124322434,
            "artifacts": 1.0,
            "resolution": 1,
            "accuracy": 1.0,
            "chamfer": 0.6836866147678126,
            "normalized_chamfer": 0.0001363283379397433,
            "hausdorff": 0.0011017335067973577
        },
        "[0 1 0]": {
            "quality": 0.6752851218247796,
            "completeness": 0.7528512182477968,
            "artifacts": 1.0,
            "resolution": 1,
            "accuracy": 1.0,
            "chamfer": 0.9286560258667551,
            "normalized_chamfer": 0.00013732436611708023,
            "hausdorff": 0.0011897686918052627
        },
        "[1 3 0]": {
            "quality": 0.6772058823529412,
            "completeness": 0.7720588235294118,
            "artifacts": 1.0,
            "resolution": 1,
            "accuracy": 1.0,
            "chamfer": 0.026964268311589698,
            "normalized_chamfer": 0.00011188493075348423,
            "hausdorff": 0.0009138201573613934
        },
        "[0 0 1]": {
            "quality": 0.6759625292740047,
            "completeness": 0.7596252927400469,
            "artifacts": 1.0,
            "resolution": 1,
            "accuracy": 1.0,
            "chamfer": 1.238665411972634,
            "normalized_chamfer": 0.0001318851588556893,
            "hausdorff": 0.0013051232010810362
        },
        "[0 2 1]": {
            "quality": 0.6756781193490055,
            "completeness": 0.7567811934900542,
            "artifacts": 1.0,
            "resolution": 1,
            "accuracy": 1.0,
            "chamfer": 1.0424552265811262,
            "normalized_chamfer": 0.00013412959683236313,
            "hausdorff": 0.0015012218956570009
        },
        "[1 3 1]": {
            "quality": 0.43232007254180127,
            "completeness": 0.6,
            "artifacts": 1.0,
            "resolution": 0.43080018135450315,
            "accuracy": 1.0,
            "chamfer": 0.0011524849760478615,
            "normalized_chamfer": 0.0002881212440119654,
            "hausdorff": 0.0007032425470632401
        },
        "[1 1 2]": {
            "quality": 0.6739121874384721,
            "completeness": 0.7391218743847214,
            "artifacts": 1.0,
            "resolution": 1,
            "accuracy": 1.0,
            "chamfer": 0.6631747237378259,
            "normalized_chamfer": 0.00015015843399475285,
            "hausdorff": 0.0011760201571401753
        },
        "[1 2 1]": {
            "quality": 0.6752900232018562,
            "completeness": 0.7529002320185615,
            "artifacts": 1.0,
            "resolution": 1,
            "accuracy": 1.0,
            "chamfer": 0.3058673199829812,
            "normalized_chamfer": 0.00013495138759452073,
            "hausdorff": 0.0012215264798194133
        },
        "[1 1 0]": {
            "quality": 0.6744186046511628,
            "completeness": 0.7441860465116279,
            "artifacts": 1.0,
            "resolution": 1,
            "accuracy": 1.0,
            "chamfer": 1.074021226554875,
            "normalized_chamfer": 0.00014320283020731667,
            "hausdorff": 0.001191212210313512
        },
        "[2 0 0]": {
            "quality": 0.675146288882045,
            "completeness": 0.7514628888204496,
            "artifacts": 1.0,
            "resolution": 1,
            "accuracy": 1.0,
            "chamfer": 0.38915813704685753,
            "normalized_chamfer": 0.000136858848970233,
            "hausdorff": 0.0014453208432732064
        },
        "[1 2 0]": {
            "quality": 0.674576954069299,
            "completeness": 0.7457695406929895,
            "artifacts": 1.0,
            "resolution": 1,
            "accuracy": 1.0,
            "chamfer": 0.3023141337901122,
            "normalized_chamfer": 0.0001395403340826735,
            "hausdorff": 0.0011487580989921246
        },
        "[2 0 2]": {
            "quality": 0.6752028218694885,
            "completeness": 0.7520282186948853,
            "artifacts": 1.0,
            "resolution": 1,
            "accuracy": 1.0,
            "chamfer": 0.341816296766309,
            "normalized_chamfer": 0.00013763490910662733,
            "hausdorff": 0.001326070111268628
        },
        "[2 1 0]": {
            "quality": 0.6750455373406193,
            "completeness": 0.7504553734061931,
            "artifacts": 1.0,
            "resolution": 1,
            "accuracy": 1.0,
            "chamfer": 0.2673699029022786,
            "normalized_chamfer": 0.0001391102512498848,
            "hausdorff": 0.0010987014562655326
        },
        "[1 0 0]": {
            "quality": 0.6749681216282492,
            "completeness": 0.7496812162824914,
            "artifacts": 1.0,
            "resolution": 1,
            "accuracy": 1.0,
            "chamfer": 1.2211337970892835,
            "normalized_chamfer": 0.0001369137568213122,
            "hausdorff": 0.0015361636273522432
        },
        "[3 0 1]": {
            "quality": 0.6746017699115044,
            "completeness": 0.7460176991150442,
            "artifacts": 1.0,
            "resolution": 1,
            "accuracy": 1.0,
            "chamfer": 0.1414935020013405,
            "normalized_chamfer": 0.00014342980436020324,
            "hausdorff": 0.0011476183119835655
        },
        "[1 0 2]": {
            "quality": 0.674707314245972,
            "completeness": 0.7470731424597195,
            "artifacts": 1.0,
            "resolution": 1,
            "accuracy": 1.0,
            "chamfer": 1.053964299687078,
            "normalized_chamfer": 0.00013985725845104538,
            "hausdorff": 0.001326070111268628
        },
        "[2 1 2]": {
            "quality": 0.6732101616628176,
            "completeness": 0.7321016166281755,
            "artifacts": 1.0,
            "resolution": 1,
            "accuracy": 1.0,
            "chamfer": 0.2301833406207136,
            "normalized_chamfer": 0.00015345556041380907,
            "hausdorff": 0.0011760201571401753
        },
        "[2 1 1]": {
            "quality": 0.6742871373427967,
            "completeness": 0.7428713734279666,
            "artifacts": 1.0,
            "resolution": 1,
            "accuracy": 1.0,
            "chamfer": 1.0364901593485423,
            "normalized_chamfer": 0.00014810175885526073,
            "hausdorff": 0.0012447547911134983
        },
        "[2 0 1]": {
            "quality": 0.6746714959568733,