{
    "metrics": {
        "[0 3 0]": {
            "completeness": 0,
            "artifacts": 0,
            "resolution": 0,
            "accuracy": 0,
            "quality": 1.0,
            "chamfer": Infinity,
            "normalized_chamfer": Infinity,
            "hausdorff": 0.0
        },
        "[0 3 1]": {
            "completeness": 0,
            "artifacts": 0,
            "resolution": 0,
            "accuracy": 0,
            "quality": 1.0,
            "chamfer": Infinity,
            "normalized_chamfer": Infinity,
            "hausdorff": 0.0
        },
        "[0 0 2]": {
            "quality": 0.693033005299884,
            "completeness": 1.0,
            "artifacts": 1.0,
            "resolution": 1,
            "accuracy": 0.9303300529988389,
            "chamfer": 23.214026340786894,
            "normalized_chamfer": 0.009289326266821486,
            "hausdorff": 0.0
        },
        "[0 2 2]": {
            "quality": 0.6877866786876677,
            "completeness": 1.0,
            "artifacts": 1.0,
            "resolution": 1,
            "accuracy": 0.8778667868766767,
            "chamfer": 33.403433789228906,
            "normalized_chamfer": 0.01772065453009491,
            "hausdorff": 0.0
        },
        "[0 3 2]": {
            "completeness": 0,
            "artifacts": 0,
            "resolution": 0,
            "accuracy": 0,
            "quality": 1.0,
            "chamfer": Infinity,
            "normalized_chamfer": Infinity,
            "hausdorff": 0.0
        },
        "[0 0 0]": {
            "quality": 0.6793550897244659,
            "completeness": 1.0,
            "artifacts": 1.0,
            "resolution": 1,
            "accuracy": 0.7935508972446581,
            "chamfer": 104.91743402026478,
            "normalized_chamfer": 0.033291268925992316,
            "hausdorff": 0.0
        },
        "[1 3 0]": {
            "quality": 0.6781351801855539,
            "completeness": 1.0,
            "artifacts": 1.0,
            "resolution": 1,
            "accuracy": 0.7813518018555374,
            "chamfer": 19.87512121133165,
            "normalized_chamfer": 0.03365812228845326,
            "hausdorff": 0.0
        },
        "[1 3 1]": {
            "quality": 0.6477786813636165,
            "completeness": 1.0,
            "artifacts": 0.9931818181818182,
            "resolution": 1,
            "accuracy": 0.48460499545434677,
            "chamfer": 45.96096510828026,
            "normalized_chamfer": 0.10386658781532263,
            "hausdorff": 0.0
        },
        "[1 2 2]": {
            "completeness": 0,
            "artifacts": 0,
            "resolution": 0,
            "accuracy": 0,
            "quality": 1.0,
            "chamfer": Infinity,
            "normalized_chamfer": Infinity,
            "hausdorff": 0.0
        },
        "[1 3 2]": {
            "completeness": 0,
            "artifacts": 0,
            "resolution": 0,
            "accuracy": 0,
            "quality": 1.0,
            "chamfer": Infinity,
            "normalized_chamfer": Infinity,
            "hausdorff": 0.0
        },
        "[0 1 2]": {
            "quality": 0.6950212163788211,
            "completeness": 1.0,
            "artifacts": 1.0,
            "resolution": 1,
            "accuracy": 0.9502121637882103,
            "chamfer": 40.188741390156686,
            "normalized_chamfer": 0.006236614120136047,
            "hausdorff": 0.0
        },
        "[2 2 0]": {
            "completeness": 0,
            "artifacts": 0,
            "resolution": 0,
            "accuracy": 0,
            "quality": 1.0,
            "chamfer": Infinity,
            "normalized_chamfer": Infinity,
            "hausdorff": 0.0
        },
        "[0 2 0]": {
            "quality": 0.695166687014814,
            "completeness": 1.0,
            "artifacts": 1.0,
            "resolution": 1,
            "accuracy": 0.9516668701481393,
            "chamfer": 48.31379659991994,
            "normalized_chamfer": 0.006148749169573012,
            "hausdorff": 0.0
        },
        "[2 2 1]": {
            "completeness": 0,
            "artifacts": 0,
            "resolution": 0,
            "accuracy": 0,
            "quality": 1.0,
            "chamfer": Infinity,
            "normalized_chamfer": Infinity,
            "hausdorff": 0.0
        },
        "[2 2 2]": {
            "completeness": 0,
            "artifacts": 0,
            "resolution": 0,
            "accuracy": 0,
            "quality": 1.0,
            "chamfer": Infinity,
            "normalized_chamfer": Infinity,
            "hausdorff": 0.0
        },
        "[2 3 0]": {
            "completeness": 0,
            "artifacts": 0,
            "resolution": 0,
            "accuracy": 0,
            "quality": 1.0,
            "chamfer": Infinity,
            "normalized_chamfer": Infinity,
            "hausdorff": 0.0
        },
        "[2 3 1]": {
            "completeness": 0,
            "artifacts": 0,
            "resolution": 0,
            "accuracy": 0,
            "quality": 1.0,
            "chamfer": Infinity,
            "normalized_chamfer": Infinity,
            "hausdorff": 0.0
        },
        "[3 0 0]": {
            "completeness": 0,
            "artifacts": 0,
            "resolution": 0,
            "accuracy": 0,
            "quality": 1.0,
            "chamfer": Infinity,
            "normalized_chamfer": Infinity,
            "hausdorff": 0.0
        },
        "[2 0 2]": {
            "quality": 0.6953029000507112,
            "completeness": 1.0,
            "artifacts": 1.0,
            "resolution": 1,
            "accuracy": 0.95302900050711,
            "chamfer": 21.691207565816587,
            "normalized_chamfer": 0.005820799024773,
            "hausdorff": 0.0
        },
        "[2 1 2]": {
            "quality": 0.6779120400338635,
            "completeness": 1.0,
            "artifacts": 1.0,
            "resolution": 1,
            "accuracy": 0.7791204003386345,
            "chamfer": 114.81321590397778,
            "normalized_chamfer": 0.03313512724501523,
            "hausdorff": 0.0
        },
        "[2 3 2]": {
            "completeness": 0,
            "artifacts": 0,
            "resolution": 0,
            "accuracy": 0,
            "quality": 1.0,
            "chamfer": Infinity,
            "normalized_chamfer": Infinity,
            "hausdorff": 0.0
        },
        "[1 2 0]": {
            "quality": 0.6736320026141208,
            "completeness": 1.0,
            "artifacts": 1.0,
            "resolution": 1,
            "accuracy": 0.7363200261412074,
            "chamfer": 284.5370597910231,
            "normalized_chamfer": 0.042874566381529894,
            "hausdorff": 0.0
        },
        "[3 0 2]": {
            "completeness": 0,
            "artifacts": 0,
            "resolution": 0,
            "accuracy": 0,
            "quality": 1.0,
            "chamfer": Infinity,
            "normalized_chamfer": Infinity,
            "hausdorff": 0.0
        },
        "[3 0 1]": {
            "quality": 0.6951856106322181,
            "completeness": 1.0,
            "artifacts": 1.0,
            "resolution": 1,
            "accuracy": 0.9518561063221791,
            "chamfer": 8.550355517180991,
            "normalized_chamfer": 0.0058846218287549835,
            "hausdorff": 0.0
        },
        "[3 1 1]": {
            "completeness": 0,
            "artifacts": 0,
            "resolution": 0,
            "accuracy": 0,
            "quality": 1.0,
            "chamfer": Infinity,
            "normalized_chamfer": Infinity,
            "hausdorff": 0.0
        },
        "[3 1 0]": {
            "completeness": 0,
            "artifacts": 0,
            "resolution": 0,
            "accuracy": 0,
            "quality": 1.0,
            "chamfer": Infinity,
            "normalized_chamfer": Infinity,
            "hausdorff": 0.0
        },