{
    "metrics": {
        "[0 0 0]": {
            "quality": 0.6540859565448056,
            "completeness": 0.5421785421785422,
            "artifacts": 1.0,
            "resolution": 1,
            "accuracy": 0.9986810232695138,
            "chamfer": 0.3768826580393577,
            "normalized_chamfer": 0.00040030022096586054,
            "hausdorff": 0.0015567954249033518
        },
        "[0 0 2]": {
            "quality": 0.6550889309100204,
            "completeness": 0.5522208883553421,
            "artifacts": 1.0,
            "resolution": 1,
            "accuracy": 0.9986684207448613,
            "chamfer": 0.5014775798633049,
            "normalized_chamfer": 0.00038784035565607493,
            "hausdorff": 0.0010894838525650607
        },
        "[0 1 0]": {
            "quality": 0.6539215371316696,
            "completeness": 0.5405650596163816,
            "artifacts": 1.0,
            "resolution": 1,
            "accuracy": 0.9986503117003129,
            "chamfer": 2.3378901147288635,
            "normalized_chamfer": 0.00039335242108671045,
            "hausdorff": 0.0012557399133578595
        },
        "[0 1 2]": {
            "quality": 0.6545998342339665,
            "completeness": 0.5473421926910299,
            "artifacts": 1.0,
            "resolution": 1,
            "accuracy": 0.9986561496486346,
            "chamfer": 1.4503338221005269,
            "normalized_chamfer": 0.00038924686583481665,
            "hausdorff": 0.0012653286134439547
        },
        "[0 0 1]": {
            "quality": 0.654207247220943,
            "completeness": 0.5434192037470726,
            "artifacts": 1.0,
            "resolution": 1,
            "accuracy": 0.9986532684623569,
            "chamfer": 3.2351682306576164,
            "normalized_chamfer": 0.00039271282236679004,
            "hausdorff": 0.0014271746003905723
        },
        "[0 2 2]": {
            "quality": 0.6548428546502799,
            "completeness": 0.5497584541062802,
            "artifacts": 1.0,
            "resolution": 1,
            "accuracy": 0.9986700923965183,
            "chamfer": 0.31626570761505673,
            "normalized_chamfer": 0.0003943462688467042,
            "hausdorff": 0.0012040943360052798
        },
        "[0 2 0]": {
            "quality": 0.653861068437123,
            "completeness": 0.5399545375065571,
            "artifacts": 1.0,
            "resolution": 1,
            "accuracy": 0.998656146864673,
            "chamfer": 1.7260191748889417,
            "normalized_chamfer": 0.0003919652946267609,
            "hausdorff": 0.0012557399133578595
        },
        "[0 2 1]": {
            "quality": 0.654078447341554,
            "completeness": 0.5421564195298373,
            "artifacts": 1.0,
            "resolution": 1,
            "accuracy": 0.9986280538857022,
            "chamfer": 2.6901929238069178,
            "normalized_chamfer": 0.0003943118979563089,
            "hausdorff": 0.0014465784686718457
        },
        "[1 2 0]": {
            "quality": 0.653370016270555,
            "completeness": 0.5350523771152297,
            "artifacts": 1.0,
            "resolution": 1,
            "accuracy": 0.9986477855903193,
            "chamfer": 0.7592148959353401,
            "normalized_chamfer": 0.00039853800311566407,
            "hausdorff": 0.0013492439526453306
        },
        "[1 0 0]": {
            "quality": 0.654067503272382,
            "completeness": 0.5420304070622854,
            "artifacts": 1.0,
            "resolution": 1,
            "accuracy": 0.9986446256615327,
            "chamfer": 3.093557087788037,
            "normalized_chamfer": 0.0003935572912394933,
            "hausdorff": 0.001445495837074602
        },
        "[1 2 1]": {
            "quality": 0.6543171700830277,
            "completeness": 0.5444702242846094,
            "artifacts": 1.0,
            "resolution": 1,
            "accuracy": 0.9987014765456663,
            "chamfer": 0.7677151602977876,
            "normalized_chamfer": 0.000384434231496138,
            "hausdorff": 0.0012904829522314505
        },
        "[1 0 2]": {
            "quality": 0.6545300527073724,
            "completeness": 0.5466558479193231,
            "artifacts": 1.0,
            "resolution": 1,
            "accuracy": 0.9986446791543998,
            "chamfer": 2.614158126490509,
            "normalized_chamfer": 0.0003918396352380288,
            "hausdorff": 0.0013570323918388973
        },
        "[1 1 2]": {
            "quality": 0.6543628728397078,
            "completeness": 0.5449891710966726,
            "artifacts": 1.0,
            "resolution": 1,
            "accuracy": 0.998639557300406,
            "chamfer": 1.5607707134022533,
            "normalized_chamfer": 0.00039780061511463064,
            "hausdorff": 0.0015124014843949268
        },
        "[1 1 0]": {
            "quality": 0.6540244959748589,
            "completeness": 0.5416279069767442,
            "artifacts": 1.0,
            "resolution": 1,
            "accuracy": 0.9986170527718439,
            "chamfer": 2.662882780096842,
            "normalized_chamfer": 0.0004017020335038229,
            "hausdorff": 0.0013492439526453306
        },
        "[1 3 0]": {
            "quality": 0.6509777970955661,
            "completeness": 0.5110294117647058,
            "artifacts": 1.0,
            "resolution": 1,
            "accuracy": 0.9987485591909544,
            "chamfer": 0.08555961004226266,
            "normalized_chamfer": 0.0004163484673589424,
            "hausdorff": 0.0010866184104827228
        },
        "[1 3 1]": {
            "quality": 0.6597050144232547,
            "completeness": 0.6,
            "artifacts": 1.0,
            "resolution": 1,
            "accuracy": 0.9970501442325466,
            "chamfer": 0.0024259223617421753,
            "normalized_chamfer": 0.0006064805904355438,
            "hausdorff": 0.0003884596160906978
        },
        "[2 0 0]": {
            "quality": 0.654750294456893,
            "completeness": 0.5488142901139513,
            "artifacts": 1.0,
            "resolution": 1,
            "accuracy": 0.9986886544549789,
            "chamfer": 0.9749073928820879,
            "normalized_chamfer": 0.0003877142147075315,
            "hausdorff": 0.0012368708340000586
        },
        "[2 0 2]": {
            "quality": 0.6539728513675641,
            "completeness": 0.5410934744268078,
            "artifacts": 1.0,
            "resolution": 1,
            "accuracy": 0.9986350392488326,
            "chamfer": 0.8840976904698206,
            "normalized_chamfer": 0.0004047139805309318,
            "hausdorff": 0.00129514882735537
        },
        "[2 1 0]": {
            "quality": 0.6547410459577588,
            "completeness": 0.5487249544626593,
            "artifacts": 1.0,
            "resolution": 1,
            "accuracy": 0.9986855051149289,
            "chamfer": 0.6639795813835989,
            "normalized_chamfer": 0.00039046138276012876,
            "hausdorff": 0.0015052204029310803
        },
        "[2 1 2]": {
            "quality": 0.6557552984511821,
            "completeness": 0.558891454965358,
            "artifacts": 1.0,
            "resolution": 1,
            "accuracy": 0.9986615295464634,
            "chamfer": 0.5327855811541158,
            "normalized_chamfer": 0.0003946559860400858,
            "hausdorff": 0.00114070211081815
        },
        "[3 0 1]": {
            "quality": 0.6534093141895424,
            "completeness": 0.5353982300884956,
            "artifacts": 1.0,
            "resolution": 1,
            "accuracy": 0.9986949118069275,
            "chamfer": 0.34946224146408245,
            "normalized_chamfer": 0.00040283831869058497,
            "hausdorff": 0.00129737929142647
        },
        "[2 0 1]": {
            "quality": 0.6540511507693689,
            "completeness": 0.5418632075471698,
            "artifacts": 1.0,