{
    "metrics": {
        "[0 0 2]": {
            "quality": 0.6954304399361602,
            "completeness": 1.0,
            "artifacts": 1.0,
            "resolution": 1,
            "accuracy": 0.9543043993616009,
            "chamfer": 4.133549709451939,
            "normalized_chamfer": 0.005969024851194136,
            "hausdorff": 0.0023741741296744237
        },
        "[0 1 0]": {
            "quality": 0.6921727569707573,
            "completeness": 0.9877989263055149,
            "artifacts": 1.0,
            "resolution": 1,
            "accuracy": 0.9339286434020577,
            "chamfer": 15.419745717974408,
            "normalized_chamfer": 0.007571689525153158,
            "hausdorff": 0.0024576738226512055
        },
        "[0 3 1]": {
            "quality": 0.6895108566638882,
            "completeness": 1.0,
            "artifacts": 1.0,
            "resolution": 1,
            "accuracy": 0.8951085666388816,
            "chamfer": 3.7211054521053724,
            "normalized_chamfer": 0.01488442180842149,
            "hausdorff": 0.002594027818443783
        },
        "[0 0 1]": {
            "quality": 0.695924073461637,
            "completeness": 1.0,
            "artifacts": 1.0,
            "resolution": 1,
            "accuracy": 0.9592407346163693,
            "chamfer": 15.584452641198256,
            "normalized_chamfer": 0.00523759120860301,
            "hausdorff": 0.0028881179560386184
        },
        "[0 3 2]": {
            "completeness": 0,
            "artifacts": 0,
            "resolution": 0,
            "accuracy": 0,
            "quality": 1.0,
            "chamfer": Infinity,
            "normalized_chamfer": Infinity,
            "hausdorff": 0.0
        },
        "[0 3 0]": {
            "quality": 0.6840767640104879,
            "completeness": 0.8716687166871668,
            "artifacts": 1.0,
            "resolution": 1,
            "accuracy": 0.9690989234177119,
            "chamfer": 8.967263371901243,
            "normalized_chamfer": 0.003928702463045452,
            "hausdorff": 0.002361428926619333
        },
        "[0 2 0]": {
            "quality": 0.6864694931650639,
            "completeness": 0.8970588235294118,
            "artifacts": 1.0,
            "resolution": 1,
            "accuracy": 0.9676361081212276,
            "chamfer": 17.448145205247535,
            "normalized_chamfer": 0.004098695138653402,
            "hausdorff": 0.0024576738226512055
        },
        "[0 2 2]": {
            "quality": 0.6937729907317326,
            "completeness": 0.9771853986551393,
            "artifacts": 1.0,
            "resolution": 1,
            "accuracy": 0.9605445086621863,
            "chamfer": 20.636410904073305,
            "normalized_chamfer": 0.005013096296386081,
            "hausdorff": 0.002449220606075796
        },
        "[1 0 0]": {
            "quality": 0.6931719905376749,
            "completeness": 0.9705396475770925,
            "artifacts": 1.0,
            "resolution": 1,
            "accuracy": 0.9611802577996553,
            "chamfer": 17.555982203897074,
            "normalized_chamfer": 0.004905961213887683,
            "hausdorff": 0.0025344799946867666
        },
        "[1 2 0]": {
            "quality": 0.6745141080924226,
            "completeness": 1.0,
            "artifacts": 1.0,
            "resolution": 1,
            "accuracy": 0.7451410809242249,
            "chamfer": 30.76075550318429,
            "normalized_chamfer": 0.03677316856328068,
            "hausdorff": 0.0020171625417338725
        },
        "[1 3 0]": {
            "quality": 0.684130719446279,
            "completeness": 1.0,
            "artifacts": 1.0,
            "resolution": 1,
            "accuracy": 0.841307194462789,
            "chamfer": 13.29002532383514,
            "normalized_chamfer": 0.020572794618939846,
            "hausdorff": 0.0020171625417338725
        },
        "[0 1 2]": {
            "quality": 0.6938181311495067,
            "completeness": 0.976709746903608,
            "artifacts": 1.0,
            "resolution": 1,
            "accuracy": 0.9614715645914593,
            "chamfer": 35.956788270964836,
            "normalized_chamfer": 0.004897744094662513,
            "hausdorff": 0.002449220606075796
        },
        "[2 0 0]": {
            "quality": 0.6941221559886364,
            "completeness": 0.9806791569086651,
            "artifacts": 1.0,
            "resolution": 1,
            "accuracy": 0.9605424029776978,
            "chamfer": 8.390564536085307,
            "normalized_chamfer": 0.004960428339394211,
            "hausdorff": 0.0025344799946867666
        },
        "[1 1 0]": {
            "quality": 0.6921581339898268,
            "completeness": 1.0,
            "artifacts": 1.0,
            "resolution": 1,
            "accuracy": 0.921581339898268,
            "chamfer": 51.286639811879056,
            "normalized_chamfer": 0.009458117069963865,
            "hausdorff": 0.002800046413113362
        },
        "[1 3 1]": {
            "quality": 0.6928751189190916,
            "completeness": 0.9626666666666667,
            "artifacts": 1.0,
            "resolution": 1,
            "accuracy": 0.9660845225242486,
            "chamfer": 12.780852290846013,
            "normalized_chamfer": 0.0043413221096623685,
            "hausdorff": 0.002667972511807901
        },
        "[1 2 2]": {
            "quality": 0.6959109421762508,
            "completeness": 1.0,
            "artifacts": 1.0,
            "resolution": 1,
            "accuracy": 0.9591094217625071,
            "chamfer": 16.844256447782936,
            "normalized_chamfer": 0.005198844582649054,
            "hausdorff": 0.002662315641503811
        },
        "[2 2 0]": {
            "quality": 0.6802672265270147,
            "completeness": 1.0,
            "artifacts": 1.0,
            "resolution": 1,
            "accuracy": 0.8026722652701461,
            "chamfer": 4.131107723891145,
            "normalized_chamfer": 0.029298636339653513,
            "hausdorff": 0.002038555111523624
        },
        "[2 0 2]": {
            "quality": 0.6941700406587685,
            "completeness": 0.9805194805194806,
            "artifacts": 1.0,
            "resolution": 1,
            "accuracy": 0.9611809260682052,
            "chamfer": 22.701627545738127,
            "normalized_chamfer": 0.004962104381582105,
            "hausdorff": 0.002694278618085241
        },
        "[1 0 2]": {
            "quality": 0.6940939203612817,
            "completeness": 0.9783677482792527,
            "artifacts": 1.0,
            "resolution": 1,
            "accuracy": 0.9625714553335641,
            "chamfer": 43.37730754853285,
            "normalized_chamfer": 0.004790955108077408,
            "hausdorff": 0.002694278618085241
        },
        "[2 1 0]": {
            "quality": 0.6951172868071669,
            "completeness": 1.0,
            "artifacts": 1.0,
            "resolution": 1,
            "accuracy": 0.9511728680716682,
            "chamfer": 16.076830642591332,
            "normalized_chamfer": 0.006029188315241452,
            "hausdorff": 0.0026284766153652347
        },
        "[2 3 0]": {
            "quality": 0.6951512979865822,
            "completeness": 1.0,
            "artifacts": 1.0,
            "resolution": 1,
            "accuracy": 0.9515129798658205,
            "chamfer": 0.721069125686892,
            "normalized_chamfer": 0.006933356977758576,
            "hausdorff": 0.002038555111523624
        },
        "[0 2 1]": {
            "quality": 0.695177116707062,
            "completeness": 0.9903588644884842,
            "artifacts": 1.0,
            "resolution": 1,
            "accuracy": 0.9614123025821347,
            "chamfer": 54.79006761989797,
            "normalized_chamfer": 0.004914788986356115,
            "hausdorff": 0.0026717076851258035
        },
        "[2 2 2]": {
            "quality": 0.6957660932244817,