{
    "metrics": {
        "[0 0 0]": {
            "quality": 0.9720285259870743,
            "completeness": 1.0,
            "artifacts": 1.0,
            "resolution": 1,
            "accuracy": 0.9300713149676856,
            "chamfer": 11.594175648713017,
            "normalized_chamfer": 0.008054307501711024,
            "hausdorff": 0.0
        },
        "[0 0 1]": {
            "quality": 0.9978117816697407,
            "completeness": 1.0,
            "artifacts": 1.0,
            "resolution": 1,
            "accuracy": 0.9945294541743513,
            "chamfer": 6.15436154010518,
            "normalized_chamfer": 0.000561401280739355,
            "hausdorff": 0.0
        },
        "[0 0 2]": {
            "quality": 0.9945994341818127,
            "completeness": 1.0,
            "artifacts": 1.0,
            "resolution": 1,
            "accuracy": 0.9864985854545317,
            "chamfer": 2.4856099668988376,
            "normalized_chamfer": 0.0014175135254626962,
            "hausdorff": 0.0
        },
        "[0 1 0]": {
            "quality": 0.9928751472273589,
            "completeness": 1.0,
            "artifacts": 1.0,
            "resolution": 1,
            "accuracy": 0.9821878680683972,
            "chamfer": 15.395022005143728,
            "normalized_chamfer": 0.0018821470756334407,
            "hausdorff": 0.0
        },
        "[0 1 1]": {
            "quality": 0.9974838942234799,
            "completeness": 1.0,
            "artifacts": 1.0,
            "resolution": 1,
            "accuracy": 0.9937097355586996,
            "chamfer": 13.455496094819777,
            "normalized_chamfer": 0.0006481765063259202,
            "hausdorff": 0.0
        },
        "[0 1 2]": {
            "quality": 0.9963375735857596,
            "completeness": 1.0,
            "artifacts": 1.0,
            "resolution": 1,
            "accuracy": 0.9908439339643988,
            "chamfer": 4.7547430120945915,
            "normalized_chamfer": 0.0009500935182524911,
            "hausdorff": 0.0
        },
        "[0 2 0]": {
            "quality": 0.996636183577002,
            "completeness": 1.0,
            "artifacts": 1.0,
            "resolution": 1,
            "accuracy": 0.9915904589425047,
            "chamfer": 5.198775339989345,
            "normalized_chamfer": 0.0008736703369446844,
            "hausdorff": 0.0
        },
        "[0 2 1]": {
            "quality": 0.9961633452766945,
            "completeness": 1.0,
            "artifacts": 1.0,
            "resolution": 1,
            "accuracy": 0.9904083631917358,
            "chamfer": 9.147540013357133,
            "normalized_chamfer": 0.0009951090577489403,
            "hausdorff": 0.0
        },
        "[0 2 2]": {
            "quality": 0.9873633029527813,
            "completeness": 1.0,
            "artifacts": 1.0,
            "resolution": 1,
            "accuracy": 0.968408257381953,
            "chamfer": 3.9173755446313265,
            "normalized_chamfer": 0.0034438466326429246,
            "hausdorff": 0.0
        },
        "[0 3 0]": {
            "completeness": 0,
            "artifacts": 0,
            "resolution": 0,
            "accuracy": 0,
            "quality": 1.0,
            "chamfer": Infinity,
            "normalized_chamfer": Infinity,
            "hausdorff": 0.0
        },
        "[0 3 1]": {
            "completeness": 0,
            "artifacts": 0,
            "resolution": 0,
            "accuracy": 0,
            "quality": 1.0,
            "chamfer": Infinity,
            "normalized_chamfer": Infinity,
            "hausdorff": 0.0
        },
        "[0 3 2]": {
            "completeness": 0,
            "artifacts": 0,
            "resolution": 0,
            "accuracy": 0,
            "quality": 1.0,
            "chamfer": Infinity,
            "normalized_chamfer": Infinity,
            "hausdorff": 0.0
        },
        "[1 0 0]": {
            "quality": 0.9954268824585216,
            "completeness": 1.0,
            "artifacts": 1.0,
            "resolution": 1,
            "accuracy": 0.9885672061463038,
            "chamfer": 12.638951723532573,
            "normalized_chamfer": 0.001189548397508948,
            "hausdorff": 0.0
        },
        "[1 0 1]": {
            "quality": 0.9763013139475638,
            "completeness": 1.0,
            "artifacts": 1.0,
            "resolution": 0.9469777164859977,
            "accuracy": 0.993775568382912,
            "chamfer": 13.824458807260104,
            "normalized_chamfer": 0.0006402138980369141,
            "hausdorff": 0.0
        },
        "[1 0 2]": {
            "quality": 0.9985918063917993,
            "completeness": 1.0,
            "artifacts": 1.0,
            "resolution": 1,
            "accuracy": 0.9964795159794981,
            "chamfer": 3.167377773517243,
            "normalized_chamfer": 0.0003594391481522064,
            "hausdorff": 0.0
        },
        "[1 1 0]": {
            "quality": 0.9832816194022098,
            "completeness": 1.0,
            "artifacts": 1.0,
            "resolution": 1,
            "accuracy": 0.9582040485055241,
            "chamfer": 42.98295350845576,
            "normalized_chamfer": 0.004552314499942359,
            "hausdorff": 0.0
        },
        "[1 1 1]": {
            "quality": 0.9866825890096457,
            "completeness": 1.0,
            "artifacts": 1.0,
            "resolution": 0.9900235671095438,
            "accuracy": 0.9766829054145704,
            "chamfer": 50.444195541453965,
            "normalized_chamfer": 0.002471422053865757,
            "hausdorff": 0.0
        },
        "[1 1 2]": {
            "quality": 0.9864209380737017,
            "completeness": 1.0,
            "artifacts": 1.0,
            "resolution": 1,
            "accuracy": 0.966052345184254,
            "chamfer": 19.567426617476958,
            "normalized_chamfer": 0.0036092274495023438,
            "hausdorff": 0.0
        },
        "[1 2 0]": {
            "quality": 0.9625523103007056,
            "completeness": 1.0,
            "artifacts": 1.0,
            "resolution": 1,
            "accuracy": 0.906380775751764,
            "chamfer": 31.84925892538967,
            "normalized_chamfer": 0.01082571683391899,
            "hausdorff": 0.0
        },
        "[1 2 1]": {
            "quality": 0.9393181533635515,
            "completeness": 1.0,
            "artifacts": 0.9997432605905007,
            "resolution": 1,
            "accuracy": 0.8483595682612534,
            "chamfer": 59.16447197016466,
            "normalized_chamfer": 0.01825782193185146,
            "hausdorff": 0.0
        },
        "[1 2 2]": {
            "completeness": 0,
            "artifacts": 0,
            "resolution": 0,
            "accuracy": 0,
            "quality": 1.0,
            "chamfer": Infinity,
            "normalized_chamfer": Infinity,
            "hausdorff": 0.0
        },
        "[1 3 0]": {
            "quality": 0.9717293705653711,
            "completeness": 1.0,
            "artifacts": 1.0,
            "resolution": 1,
            "accuracy": 0.9293234264134277,
            "chamfer": 2.4312739786411877,
            "normalized_chamfer": 0.00789374668389996,
            "hausdorff": 0.0
        },
        "[1 3 1]": {
            "quality": 0.8006178122925565,
            "completeness": 1.0,
            "artifacts": 0.9896907216494846,
            "resolution": 1,
            "accuracy": 0.5041218503190199,
            "chamfer": 4.910785300749052,
            "normalized_chamfer": 0.09628990785782456,
            "hausdorff": 0.0
        },
        "[1 3 2]": {
            "completeness": 0,
            "artifacts": 0,
            "resolution": 0,
            "accuracy": 0,
            "quality": 1.0,
            "chamfer": Infinity,
            "normalized_chamfer": Infinity,
            "hausdorff": 0.0
        },
        "[2 0 0]": {
            "quality": 0.9902913702528127,