{
    "metrics": {
        "[0 0 0]": {
            "quality": 0.9309266457471463,
            "completeness": 1.0,
            "artifacts": 1.0,
            "resolution": 1,
            "accuracy": 0.8273166143678654,
            "chamfer": 58.50513072252252,
            "normalized_chamfer": 0.02538734247017684,
            "hausdorff": 0.0
        },
        "[0 0 1]": {
            "quality": 0.9911197041268128,
            "completeness": 1.0,
            "artifacts": 1.0,
            "resolution": 1,
            "accuracy": 0.9777992603170318,
            "chamfer": 30.32842796715333,
            "normalized_chamfer": 0.0024924743562749286,
            "hausdorff": 0.0
        },
        "[0 0 2]": {
            "quality": 0.9808523665291148,
            "completeness": 1.0,
            "artifacts": 1.0,
            "resolution": 1,
            "accuracy": 0.9521309163227867,
            "chamfer": 12.029500277161837,
            "normalized_chamfer": 0.0057571190606182515,
            "hausdorff": 0.0
        },
        "[0 1 0]": {
            "quality": 0.9535482510533455,
            "completeness": 1.0,
            "artifacts": 1.0,
            "resolution": 0.9430277218854561,
            "accuracy": 0.9408429057479075,
            "chamfer": 71.14823363365089,
            "normalized_chamfer": 0.007207438953923,
            "hausdorff": 0.0
        },
        "[0 1 1]": {
            "quality": 0.9710901090482704,
            "completeness": 1.0,
            "artifacts": 1.0,
            "resolution": 0.9520243529063698,
            "accuracy": 0.9757009197143064,
            "chamfer": 63.6465724207511,
            "normalized_chamfer": 0.002748124888633467,
            "hausdorff": 0.0
        },
        "[0 1 2]": {
            "quality": 0.9865279894892829,
            "completeness": 1.0,
            "artifacts": 1.0,
            "resolution": 1,
            "accuracy": 0.9663199737232068,
            "chamfer": 22.279335301905594,
            "normalized_chamfer": 0.0038980553410735007,
            "hausdorff": 0.0
        },
        "[0 2 0]": {
            "quality": 0.986872421926934,
            "completeness": 1.0,
            "artifacts": 1.0,
            "resolution": 1,
            "accuracy": 0.9671810548173349,
            "chamfer": 26.534114238430412,
            "normalized_chamfer": 0.0038444094810823545,
            "hausdorff": 0.0
        },
        "[0 2 1]": {
            "quality": 0.9859427893733437,
            "completeness": 1.0,
            "artifacts": 1.0,
            "resolution": 1,
            "accuracy": 0.9648569734333591,
            "chamfer": 42.55820116151773,
            "normalized_chamfer": 0.004061284584551745,
            "hausdorff": 0.0
        },
        "[0 2 2]": {
            "quality": 0.962716149881186,
            "completeness": 1.0,
            "artifacts": 1.0,
            "resolution": 1,
            "accuracy": 0.906790374702965,
            "chamfer": 18.427542381217318,
            "normalized_chamfer": 0.012236083918470995,
            "hausdorff": 0.0
        },
        "[0 3 0]": {
            "completeness": 0,
            "artifacts": 0,
            "resolution": 0,
            "accuracy": 0,
            "quality": 1.0,
            "chamfer": Infinity,
            "normalized_chamfer": Infinity,
            "hausdorff": 0.0
        },
        "[0 3 1]": {
            "completeness": 0,
            "artifacts": 0,
            "resolution": 0,
            "accuracy": 0,
            "quality": 1.0,
            "chamfer": Infinity,
            "normalized_chamfer": Infinity,
            "hausdorff": 0.0
        },
        "[0 3 2]": {
            "completeness": 0,
            "artifacts": 0,
            "resolution": 0,
            "accuracy": 0,
            "quality": 1.0,
            "chamfer": Infinity,
            "normalized_chamfer": Infinity,
            "hausdorff": 0.0
        },
        "[1 0 0]": {
            "quality": 0.9818918136693907,
            "completeness": 1.0,
            "artifacts": 1.0,
            "resolution": 1,
            "accuracy": 0.9547295341734765,
            "chamfer": 66.04960775916913,
            "normalized_chamfer": 0.0053298049432454414,
            "hausdorff": 0.0
        },
        "[1 0 1]": {
            "quality": 0.9016197883305921,
            "completeness": 1.0,
            "artifacts": 1.0,
            "resolution": 0.778923199869641,
            "accuracy": 0.9751262709568393,
            "chamfer": 67.36551655329993,
            "normalized_chamfer": 0.0028033922827007877,
            "hausdorff": 0.0
        },
        "[1 0 2]": {
            "quality": 0.9942146942833807,
            "completeness": 1.0,
            "artifacts": 1.0,
            "resolution": 1,
            "accuracy": 0.9855367357084515,
            "chamfer": 15.190764785685158,
            "normalized_chamfer": 0.0015881615039921753,
            "hausdorff": 0.0
        },
        "[1 1 0]": {
            "quality": 0.9491349545093973,
            "completeness": 1.0,
            "artifacts": 1.0,
            "resolution": 1,
            "accuracy": 0.872837386273493,
            "chamfer": 218.84685521485503,
            "normalized_chamfer": 0.01695829951296823,
            "hausdorff": 0.0
        },
        "[1 1 1]": {
            "quality": 0.8389465546299428,
            "completeness": 1.0,
            "artifacts": 1.0,
            "resolution": 0.6804698224817782,
            "accuracy": 0.9168965640930786,
            "chamfer": 261.63454038109626,
            "normalized_chamfer": 0.01032679601275271,
            "hausdorff": 0.0
        },
        "[1 1 2]": {
            "quality": 0.9509613456693164,
            "completeness": 1.0,
            "artifacts": 1.0,
            "resolution": 1,
            "accuracy": 0.8774033641732907,
            "chamfer": 105.81315476371375,
            "normalized_chamfer": 0.015435908791205507,
            "hausdorff": 0.0
        },
        "[1 2 0]": {
            "quality": 0.9097798605084377,
            "completeness": 1.0,
            "artifacts": 1.0,
            "resolution": 1,
            "accuracy": 0.7744496512710941,
            "chamfer": 160.2309665731545,
            "normalized_chamfer": 0.03343020374987576,
            "hausdorff": 0.0
        },
        "[1 2 1]": {
            "quality": 0.867865160260562,
            "completeness": 1.0,
            "artifacts": 0.9998926462694578,
            "resolution": 1,
            "accuracy": 0.6696897390840406,
            "chamfer": 307.7841897261458,
            "normalized_chamfer": 0.05172408868601728,
            "hausdorff": 0.0
        },
        "[1 2 2]": {
            "completeness": 0,
            "artifacts": 0,
            "resolution": 0,
            "accuracy": 0,
            "quality": 1.0,
            "chamfer": Infinity,
            "normalized_chamfer": Infinity,
            "hausdorff": 0.0
        },
        "[1 3 0]": {
            "quality": 0.9233026978474634,
            "completeness": 1.0,
            "artifacts": 1.0,
            "resolution": 1,
            "accuracy": 0.8082567446186584,
            "chamfer": 12.214045215054544,
            "normalized_chamfer": 0.026873586831803176,
            "hausdorff": 0.0
        },
        "[1 3 1]": {
            "quality": 0.7867909481318103,
            "completeness": 1.0,
            "artifacts": 1.0,
            "resolution": 1,
            "accuracy": 0.46697737032952547,
            "chamfer": 27.077549583534825,
            "normalized_chamfer": 0.10556549545237749,
            "hausdorff": 0.0
        },
        "[1 3 2]": {
            "completeness": 0,
            "artifacts": 0,
            "resolution": 0,
            "accuracy": 0,
            "quality": 1.0,
            "chamfer": Infinity,
            "normalized_chamfer": Infinity,
            "hausdorff": 0.0
        },
        "[2 0 0]": {
            "quality": 0.9655642905924531,