{
    "gt_file": "./sample/bunny/bunny.ply",
    "save_path": "results/bunny_v3/",
    "cell_size": [
        0.05
    ],
    "weights": [ 
        [0.25, 0.25, 0.25, 0.25]
    ],
    "eps": [
        null
    ],
    "damage": {
            "gaussian": [0, 0.001, 0.005, 0.01, 0.02, 0.03, 0.04, 0.05],
            "add": [0, 0.05, 0.1, 0.15, 0.2, 0.25, 0.3, 0.35, 0.4, 0.45, 0.5, 0.55, 0.6, 0.65, 0.7, 0.75, 0.8, 0.85, 0.9],
            "remove": [0, 0.05, 0.1, 0.15, 0.2, 0.25, 0.3, 0.35, 0.4, 0.45, 0.5, 0.55, 0.6, 0.65, 0.7, 0.75, 0.8, 0.85, 0.9],
            "voxel": [0.00001, 0.00005, 0.0001, 0.0005, 0.001, 0.005, 0.01]
        }
    
}