{
    "gt_file": "./sample/bunny/bunny.ply",
    "save_path": "results/bunny/",
    "cell_size": [
        0.05
    ],
    "weights": [ 
        [0.1, 0.1, 0.4, 0.4]
    ],
    "eps": [
        null
    ],
    "damage": {
            "gaussian": [0.00001, 0.0001, 0.001, 0.01, 0.05],
            "random": [0.05, 0.1, 0.2, 0.3, 0.4, 0.5, 0.6,0.7,0.8,0.9],
            "remove": [0.1, 0.2, 0.3, 0.4, 0.5, 0.6,0.7,0.8,0.9],
            "voxel": [0.00001, 0.0001, 0.001, 0.01, 0.1]
        }
    
}